-- Service 등록
INSERT INTO apigw.service(service_id,name,description,communication_method,address,use_yn,creation_time,modification_time,creator_id,modifier_id) VALUES('DH-DATASERVICE-PORTAL', 'DH-DATASERVICE-PORTAL','DH-DATASERVICE-PORTAL','000','DH-DATASERVICE-PORTAL','Y',now(),NULL,'KETI',NULL);
INSERT INTO apigw.service(service_id,name,description,communication_method,address,use_yn,creation_time,modification_time,creator_id,modifier_id) VALUES('DH-DATASERVICE-DATASET-PROVIDER', 'DH-DATASERVICE-DATASET-PROVIDER','DH-DATASERVICE-DATASET-PROVIDER','000','DH-DATASERVICE-DATASET-PROVIDER','Y',now(),NULL,'KETI',NULL);

-- Routing Rule 등록 (API-GW -> Marketplace 모듈)
INSERT INTO apigw.routing_rule(routing_rule_id,name,description,target_service_id,authorization_yn,authorization_role_ids,new_path,method,rule_order,use_yn,creation_time,modification_time,creator_id,modifier_id) VALUES('SVC-PORTAL-01', 'SVC-PORTAL-01','SVC-PORTAL-01','DH-DATASERVICE-PORTAL','Y','{Marketplace_User,Service_Admin,System_Admin}','/dataserviceUi/upload','POST','1','Y',now(),NULL,'KETI',NULL);
INSERT INTO apigw.routing_rule(routing_rule_id,name,description,target_service_id,authorization_yn,authorization_role_ids,new_path,method,rule_order,use_yn,creation_time,modification_time,creator_id,modifier_id) VALUES('SVC-PORTAL-02', 'SVC-PORTAL-02','SVC-PORTAL-02','DH-DATASERVICE-PORTAL','N','{Marketplace_User,Service_Admin,System_Admin}','/dataserviceUi/attachFiles/{menu}/{oid}','GET','1','Y',now(),NULL,'KETI',NULL);
INSERT INTO apigw.routing_rule(routing_rule_id,name,description,target_service_id,authorization_yn,authorization_role_ids,new_path,method,rule_order,use_yn,creation_time,modification_time,creator_id,modifier_id) VALUES('SVC-PORTAL-03', 'SVC-PORTAL-03','SVC-PORTAL-03','DH-DATASERVICE-PORTAL','N','{Marketplace_User,Service_Admin,System_Admin}','/dataserviceUi/permissionGroup/{authgroupOid}','GET','1','Y',now(),NULL,'KETI',NULL);
INSERT INTO apigw.routing_rule(routing_rule_id,name,description,target_service_id,authorization_yn,authorization_role_ids,new_path,method,rule_order,use_yn,creation_time,modification_time,creator_id,modifier_id) VALUES('SVC-PORTAL-04', 'SVC-PORTAL-04','SVC-PORTAL-04','DH-DATASERVICE-PORTAL','N','{Marketplace_User,Service_Admin,System_Admin}','/dataserviceUi/permissionGroup','GET','1','Y',now(),NULL,'KETI',NULL);
INSERT INTO apigw.routing_rule(routing_rule_id,name,description,target_service_id,authorization_yn,authorization_role_ids,new_path,method,rule_order,use_yn,creation_time,modification_time,creator_id,modifier_id) VALUES('SVC-PORTAL-05', 'SVC-PORTAL-05','SVC-PORTAL-05','DH-DATASERVICE-PORTAL','Y','{Marketplace_User,Service_Admin,System_Admin}','/dataserviceUi/permissionGroup','POST','1','Y',now(),NULL,'KETI',NULL);
INSERT INTO apigw.routing_rule(routing_rule_id,name,description,target_service_id,authorization_yn,authorization_role_ids,new_path,method,rule_order,use_yn,creation_time,modification_time,creator_id,modifier_id) VALUES('SVC-PORTAL-06', 'SVC-PORTAL-06','SVC-PORTAL-06','DH-DATASERVICE-PORTAL','Y','{Marketplace_User,Service_Admin,System_Admin}','/dataserviceUi/permissionGroup/{authgroupOid}','PUT','1','Y',now(),NULL,'KETI',NULL);
INSERT INTO apigw.routing_rule(routing_rule_id,name,description,target_service_id,authorization_yn,authorization_role_ids,new_path,method,rule_order,use_yn,creation_time,modification_time,creator_id,modifier_id) VALUES('SVC-PORTAL-07', 'SVC-PORTAL-07','SVC-PORTAL-07','DH-DATASERVICE-PORTAL','Y','{Marketplace_User,Service_Admin,System_Admin}','/dataserviceUi/permissionGroup/{authgroupOid}','DELETE','1','Y',now(),NULL,'KETI',NULL);
INSERT INTO apigw.routing_rule(routing_rule_id,name,description,target_service_id,authorization_yn,authorization_role_ids,new_path,method,rule_order,use_yn,creation_time,modification_time,creator_id,modifier_id) VALUES('SVC-PORTAL-08', 'SVC-PORTAL-08','SVC-PORTAL-08','DH-DATASERVICE-PORTAL','N','{Marketplace_User,Service_Admin,System_Admin}','/dataserviceUi/permissionGroup/{authgroupOid}/contact','GET','1','Y',now(),NULL,'KETI',NULL);
INSERT INTO apigw.routing_rule(routing_rule_id,name,description,target_service_id,authorization_yn,authorization_role_ids,new_path,method,rule_order,use_yn,creation_time,modification_time,creator_id,modifier_id) VALUES('SVC-PORTAL-09', 'SVC-PORTAL-09','SVC-PORTAL-09','DH-DATASERVICE-PORTAL','Y','{Marketplace_User,Service_Admin,System_Admin}','/dataserviceUi/permissionGroup/{authgroupOid}/contact','POST','1','Y',now(),NULL,'KETI',NULL);
INSERT INTO apigw.routing_rule(routing_rule_id,name,description,target_service_id,authorization_yn,authorization_role_ids,new_path,method,rule_order,use_yn,creation_time,modification_time,creator_id,modifier_id) VALUES('SVC-PORTAL-10', 'SVC-PORTAL-10','SVC-PORTAL-10','DH-DATASERVICE-PORTAL','N','{Marketplace_User,Service_Admin,System_Admin}','/dataserviceUi/permissionGroup/{authgroupOid}/menu','GET','1','Y',now(),NULL,'KETI',NULL);
INSERT INTO apigw.routing_rule(routing_rule_id,name,description,target_service_id,authorization_yn,authorization_role_ids,new_path,method,rule_order,use_yn,creation_time,modification_time,creator_id,modifier_id) VALUES('SVC-PORTAL-11', 'SVC-PORTAL-11','SVC-PORTAL-11','DH-DATASERVICE-PORTAL','Y','{Marketplace_User,Service_Admin,System_Admin}','/dataserviceUi/permissionGroup/{authgroupOid}/menu','POST','1','Y',now(),NULL,'KETI',NULL);
INSERT INTO apigw.routing_rule(routing_rule_id,name,description,target_service_id,authorization_yn,authorization_role_ids,new_path,method,rule_order,use_yn,creation_time,modification_time,creator_id,modifier_id) VALUES('SVC-PORTAL-12', 'SVC-PORTAL-12','SVC-PORTAL-12','DH-DATASERVICE-PORTAL','N','{Marketplace_User,Service_Admin,System_Admin}','/dataservice/codeGroup/{codeGroupId}','GET','1','Y',now(),NULL,'KETI',NULL);
INSERT INTO apigw.routing_rule(routing_rule_id,name,description,target_service_id,authorization_yn,authorization_role_ids,new_path,method,rule_order,use_yn,creation_time,modification_time,creator_id,modifier_id) VALUES('SVC-PORTAL-13', 'SVC-PORTAL-13','SVC-PORTAL-13','DH-DATASERVICE-PORTAL','N','{Marketplace_User,Service_Admin,System_Admin}','/dataservice/codeGroup','GET','1','Y',now(),NULL,'KETI',NULL);
INSERT INTO apigw.routing_rule(routing_rule_id,name,description,target_service_id,authorization_yn,authorization_role_ids,new_path,method,rule_order,use_yn,creation_time,modification_time,creator_id,modifier_id) VALUES('SVC-PORTAL-14', 'SVC-PORTAL-14','SVC-PORTAL-14','DH-DATASERVICE-PORTAL','Y','{Marketplace_User,Service_Admin,System_Admin}','/dataservice/codeGroup/{codeGroupId}','PUT','1','Y',now(),NULL,'KETI',NULL);
INSERT INTO apigw.routing_rule(routing_rule_id,name,description,target_service_id,authorization_yn,authorization_role_ids,new_path,method,rule_order,use_yn,creation_time,modification_time,creator_id,modifier_id) VALUES('SVC-PORTAL-15', 'SVC-PORTAL-15','SVC-PORTAL-15','DH-DATASERVICE-PORTAL','Y','{Marketplace_User,Service_Admin,System_Admin}','/dataservice/codeGroup','POST','1','Y',now(),NULL,'KETI',NULL);
INSERT INTO apigw.routing_rule(routing_rule_id,name,description,target_service_id,authorization_yn,authorization_role_ids,new_path,method,rule_order,use_yn,creation_time,modification_time,creator_id,modifier_id) VALUES('SVC-PORTAL-16', 'SVC-PORTAL-16','SVC-PORTAL-16','DH-DATASERVICE-PORTAL','Y','{Marketplace_User,Service_Admin,System_Admin}','/dataservice/codeGroup/{codeGroupId}/codes/{codeId}','PUT','1','Y',now(),NULL,'KETI',NULL);
INSERT INTO apigw.routing_rule(routing_rule_id,name,description,target_service_id,authorization_yn,authorization_role_ids,new_path,method,rule_order,use_yn,creation_time,modification_time,creator_id,modifier_id) VALUES('SVC-PORTAL-17', 'SVC-PORTAL-17','SVC-PORTAL-17','DH-DATASERVICE-PORTAL','Y','{Marketplace_User,Service_Admin,System_Admin}','/dataservice/codeGroup/{codeGroupId}/codes','POST','1','Y',now(),NULL,'KETI',NULL);
INSERT INTO apigw.routing_rule(routing_rule_id,name,description,target_service_id,authorization_yn,authorization_role_ids,new_path,method,rule_order,use_yn,creation_time,modification_time,creator_id,modifier_id) VALUES('SVC-PORTAL-18', 'SVC-PORTAL-18','SVC-PORTAL-18','DH-DATASERVICE-PORTAL','N','{Marketplace_User,Service_Admin,System_Admin}','/dataservice/codeGroup/{codeGroupId}/codes','GET','1','Y',now(),NULL,'KETI',NULL);
INSERT INTO apigw.routing_rule(routing_rule_id,name,description,target_service_id,authorization_yn,authorization_role_ids,new_path,method,rule_order,use_yn,creation_time,modification_time,creator_id,modifier_id) VALUES('SVC-PORTAL-19', 'SVC-PORTAL-19','SVC-PORTAL-19','DH-DATASERVICE-PORTAL','N','{Marketplace_User,Service_Admin,System_Admin}','/dataservice/codeGroup/{codeGroupId}/codes/{codeId}','GET','1','Y',now(),NULL,'KETI',NULL);
INSERT INTO apigw.routing_rule(routing_rule_id,name,description,target_service_id,authorization_yn,authorization_role_ids,new_path,method,rule_order,use_yn,creation_time,modification_time,creator_id,modifier_id) VALUES('SVC-PORTAL-20', 'SVC-PORTAL-20','SVC-PORTAL-20','DH-DATASERVICE-PORTAL','Y','{Marketplace_User,Service_Admin,System_Admin}','/dataserviceUi/complaints/{datacomplainOid}/attachFiles/{fileId}','DELETE','1','Y',now(),NULL,'KETI',NULL);
INSERT INTO apigw.routing_rule(routing_rule_id,name,description,target_service_id,authorization_yn,authorization_role_ids,new_path,method,rule_order,use_yn,creation_time,modification_time,creator_id,modifier_id) VALUES('SVC-PORTAL-21', 'SVC-PORTAL-21','SVC-PORTAL-21','DH-DATASERVICE-PORTAL','Y','{Marketplace_User,Service_Admin,System_Admin}','/dataserviceUi/complaints/{datacomplainOid}/attachFiles/{fileId}','PUT','1','Y',now(),NULL,'KETI',NULL);
INSERT INTO apigw.routing_rule(routing_rule_id,name,description,target_service_id,authorization_yn,authorization_role_ids,new_path,method,rule_order,use_yn,creation_time,modification_time,creator_id,modifier_id) VALUES('SVC-PORTAL-22', 'SVC-PORTAL-22','SVC-PORTAL-22','DH-DATASERVICE-PORTAL','N','{Marketplace_User,Service_Admin,System_Admin}','/dataserviceUi/complaints','GET','1','Y',now(),NULL,'KETI',NULL);
INSERT INTO apigw.routing_rule(routing_rule_id,name,description,target_service_id,authorization_yn,authorization_role_ids,new_path,method,rule_order,use_yn,creation_time,modification_time,creator_id,modifier_id) VALUES('SVC-PORTAL-23', 'SVC-PORTAL-23','SVC-PORTAL-23','DH-DATASERVICE-PORTAL','N','{Marketplace_User,Service_Admin,System_Admin}','/dataserviceUi/complaints/{datacomplainOid}','GET','1','Y',now(),NULL,'KETI',NULL);
INSERT INTO apigw.routing_rule(routing_rule_id,name,description,target_service_id,authorization_yn,authorization_role_ids,new_path,method,rule_order,use_yn,creation_time,modification_time,creator_id,modifier_id) VALUES('SVC-PORTAL-24', 'SVC-PORTAL-24','SVC-PORTAL-24','DH-DATASERVICE-PORTAL','Y','{Marketplace_User,Service_Admin,System_Admin}','/dataserviceUi/complaints','POST','1','Y',now(),NULL,'KETI',NULL);
INSERT INTO apigw.routing_rule(routing_rule_id,name,description,target_service_id,authorization_yn,authorization_role_ids,new_path,method,rule_order,use_yn,creation_time,modification_time,creator_id,modifier_id) VALUES('SVC-PORTAL-25', 'SVC-PORTAL-25','SVC-PORTAL-25','DH-DATASERVICE-PORTAL','Y','{Marketplace_User,Service_Admin,System_Admin}','/dataserviceUi/complaints/{datacomplainOid}','PATCH','1','Y',now(),NULL,'KETI',NULL);
INSERT INTO apigw.routing_rule(routing_rule_id,name,description,target_service_id,authorization_yn,authorization_role_ids,new_path,method,rule_order,use_yn,creation_time,modification_time,creator_id,modifier_id) VALUES('SVC-PORTAL-26', 'SVC-PORTAL-26','SVC-PORTAL-26','DH-DATASERVICE-PORTAL','Y','{Marketplace_User,Service_Admin,System_Admin}','/dataserviceUi/complaints/{datacomplainOid}','PUT','1','Y',now(),NULL,'KETI',NULL);
INSERT INTO apigw.routing_rule(routing_rule_id,name,description,target_service_id,authorization_yn,authorization_role_ids,new_path,method,rule_order,use_yn,creation_time,modification_time,creator_id,modifier_id) VALUES('SVC-PORTAL-27', 'SVC-PORTAL-27','SVC-PORTAL-27','DH-DATASERVICE-PORTAL','N','{Marketplace_User,Service_Admin,System_Admin}','/dataserviceUi/complaints/{datacomplainOid}/attachFiles','GET','1','Y',now(),NULL,'KETI',NULL);
INSERT INTO apigw.routing_rule(routing_rule_id,name,description,target_service_id,authorization_yn,authorization_role_ids,new_path,method,rule_order,use_yn,creation_time,modification_time,creator_id,modifier_id) VALUES('SVC-PORTAL-28', 'SVC-PORTAL-28','SVC-PORTAL-28','DH-DATASERVICE-PORTAL','Y','{Marketplace_User,Service_Admin,System_Admin}','/dataserviceUi/complaints/{datacomplainOid}','DELETE','1','Y',now(),NULL,'KETI',NULL);
INSERT INTO apigw.routing_rule(routing_rule_id,name,description,target_service_id,authorization_yn,authorization_role_ids,new_path,method,rule_order,use_yn,creation_time,modification_time,creator_id,modifier_id) VALUES('SVC-PORTAL-29', 'SVC-PORTAL-29','SVC-PORTAL-29','DH-DATASERVICE-PORTAL','Y','{Marketplace_User,Service_Admin,System_Admin}','/dataserviceUi/complaints/{datacomplainOid}/attachFiles','POST','1','Y',now(),NULL,'KETI',NULL);
INSERT INTO apigw.routing_rule(routing_rule_id,name,description,target_service_id,authorization_yn,authorization_role_ids,new_path,method,rule_order,use_yn,creation_time,modification_time,creator_id,modifier_id) VALUES('SVC-PORTAL-30', 'SVC-PORTAL-30','SVC-PORTAL-30','DH-DATASERVICE-PORTAL','N','{Marketplace_User,Service_Admin,System_Admin}','/dataserviceUi/complaints/{datacomplainOid}/attachFiles/{fileId}','GET','1','Y',now(),NULL,'KETI',NULL);
INSERT INTO apigw.routing_rule(routing_rule_id,name,description,target_service_id,authorization_yn,authorization_role_ids,new_path,method,rule_order,use_yn,creation_time,modification_time,creator_id,modifier_id) VALUES('SVC-PORTAL-31', 'SVC-PORTAL-31','SVC-PORTAL-31','DH-DATASERVICE-PORTAL','N','{Marketplace_User,Service_Admin,System_Admin}','/dataserviceUi/faq','GET','1','Y',now(),NULL,'KETI',NULL);
INSERT INTO apigw.routing_rule(routing_rule_id,name,description,target_service_id,authorization_yn,authorization_role_ids,new_path,method,rule_order,use_yn,creation_time,modification_time,creator_id,modifier_id) VALUES('SVC-PORTAL-32', 'SVC-PORTAL-32','SVC-PORTAL-32','DH-DATASERVICE-PORTAL','Y','{Marketplace_User,Service_Admin,System_Admin}','/dataserviceUi/faq','POST','1','Y',now(),NULL,'KETI',NULL);
INSERT INTO apigw.routing_rule(routing_rule_id,name,description,target_service_id,authorization_yn,authorization_role_ids,new_path,method,rule_order,use_yn,creation_time,modification_time,creator_id,modifier_id) VALUES('SVC-PORTAL-33', 'SVC-PORTAL-33','SVC-PORTAL-33','DH-DATASERVICE-PORTAL','N','{Marketplace_User,Service_Admin,System_Admin}','/dataserviceUi/faq/{faqOid}/attachFiles','GET','1','Y',now(),NULL,'KETI',NULL);
INSERT INTO apigw.routing_rule(routing_rule_id,name,description,target_service_id,authorization_yn,authorization_role_ids,new_path,method,rule_order,use_yn,creation_time,modification_time,creator_id,modifier_id) VALUES('SVC-PORTAL-34', 'SVC-PORTAL-34','SVC-PORTAL-34','DH-DATASERVICE-PORTAL','Y','{Marketplace_User,Service_Admin,System_Admin}','/dataserviceUi/faq/{faqOid}','DELETE','1','Y',now(),NULL,'KETI',NULL);
INSERT INTO apigw.routing_rule(routing_rule_id,name,description,target_service_id,authorization_yn,authorization_role_ids,new_path,method,rule_order,use_yn,creation_time,modification_time,creator_id,modifier_id) VALUES('SVC-PORTAL-35', 'SVC-PORTAL-35','SVC-PORTAL-35','DH-DATASERVICE-PORTAL','N','{Marketplace_User,Service_Admin,System_Admin}','/dataserviceUi/faq/{faqOid}','GET','1','Y',now(),NULL,'KETI',NULL);
INSERT INTO apigw.routing_rule(routing_rule_id,name,description,target_service_id,authorization_yn,authorization_role_ids,new_path,method,rule_order,use_yn,creation_time,modification_time,creator_id,modifier_id) VALUES('SVC-PORTAL-36', 'SVC-PORTAL-36','SVC-PORTAL-36','DH-DATASERVICE-PORTAL','Y','{Marketplace_User,Service_Admin,System_Admin}','/dataserviceUi/faq/{faqOid}/attachFiles','POST','1','Y',now(),NULL,'KETI',NULL);
INSERT INTO apigw.routing_rule(routing_rule_id,name,description,target_service_id,authorization_yn,authorization_role_ids,new_path,method,rule_order,use_yn,creation_time,modification_time,creator_id,modifier_id) VALUES('SVC-PORTAL-37', 'SVC-PORTAL-37','SVC-PORTAL-37','DH-DATASERVICE-PORTAL','Y','{Marketplace_User,Service_Admin,System_Admin}','/dataserviceUi/faq/{faqOid}','PUT','1','Y',now(),NULL,'KETI',NULL);
INSERT INTO apigw.routing_rule(routing_rule_id,name,description,target_service_id,authorization_yn,authorization_role_ids,new_path,method,rule_order,use_yn,creation_time,modification_time,creator_id,modifier_id) VALUES('SVC-PORTAL-38', 'SVC-PORTAL-38','SVC-PORTAL-38','DH-DATASERVICE-PORTAL','N','{Marketplace_User,Service_Admin,System_Admin}','/dataserviceUi/faq/{faqOid}/attachFiles/{fileId}','GET','1','Y',now(),NULL,'KETI',NULL);
INSERT INTO apigw.routing_rule(routing_rule_id,name,description,target_service_id,authorization_yn,authorization_role_ids,new_path,method,rule_order,use_yn,creation_time,modification_time,creator_id,modifier_id) VALUES('SVC-PORTAL-39', 'SVC-PORTAL-39','SVC-PORTAL-39','DH-DATASERVICE-PORTAL','Y','{Marketplace_User,Service_Admin,System_Admin}','/dataserviceUi/faq/{faqOid}/attachFiles/{fileId}','DELETE','1','Y',now(),NULL,'KETI',NULL);
INSERT INTO apigw.routing_rule(routing_rule_id,name,description,target_service_id,authorization_yn,authorization_role_ids,new_path,method,rule_order,use_yn,creation_time,modification_time,creator_id,modifier_id) VALUES('SVC-PORTAL-40', 'SVC-PORTAL-40','SVC-PORTAL-40','DH-DATASERVICE-PORTAL','Y','{Marketplace_User,Service_Admin,System_Admin}','/dataserviceUi/faq/{faqOid}/attachFiles/{fileId}','PUT','1','Y',now(),NULL,'KETI',NULL);
INSERT INTO apigw.routing_rule(routing_rule_id,name,description,target_service_id,authorization_yn,authorization_role_ids,new_path,method,rule_order,use_yn,creation_time,modification_time,creator_id,modifier_id) VALUES('SVC-PORTAL-41', 'SVC-PORTAL-41','SVC-PORTAL-41','DH-DATASERVICE-PORTAL','N','{Marketplace_User,Service_Admin,System_Admin}','/dataserviceUi/features','GET','1','Y',now(),NULL,'KETI',NULL);
INSERT INTO apigw.routing_rule(routing_rule_id,name,description,target_service_id,authorization_yn,authorization_role_ids,new_path,method,rule_order,use_yn,creation_time,modification_time,creator_id,modifier_id) VALUES('SVC-PORTAL-42', 'SVC-PORTAL-42','SVC-PORTAL-42','DH-DATASERVICE-PORTAL','Y','{Marketplace_User,Service_Admin,System_Admin}','/dataserviceUi/features','PUT','1','Y',now(),NULL,'KETI',NULL);
INSERT INTO apigw.routing_rule(routing_rule_id,name,description,target_service_id,authorization_yn,authorization_role_ids,new_path,method,rule_order,use_yn,creation_time,modification_time,creator_id,modifier_id) VALUES('SVC-PORTAL-43', 'SVC-PORTAL-43','SVC-PORTAL-43','DH-DATASERVICE-PORTAL','N','{Marketplace_User,Service_Admin,System_Admin}','/dataserviceUi/menu/{menuOid}','GET','1','Y',now(),NULL,'KETI',NULL);
INSERT INTO apigw.routing_rule(routing_rule_id,name,description,target_service_id,authorization_yn,authorization_role_ids,new_path,method,rule_order,use_yn,creation_time,modification_time,creator_id,modifier_id) VALUES('SVC-PORTAL-44', 'SVC-PORTAL-44','SVC-PORTAL-44','DH-DATASERVICE-PORTAL','N','{Marketplace_User,Service_Admin,System_Admin}','/dataserviceUi/menu','GET','1','Y',now(),NULL,'KETI',NULL);
INSERT INTO apigw.routing_rule(routing_rule_id,name,description,target_service_id,authorization_yn,authorization_role_ids,new_path,method,rule_order,use_yn,creation_time,modification_time,creator_id,modifier_id) VALUES('SVC-PORTAL-45', 'SVC-PORTAL-45','SVC-PORTAL-45','DH-DATASERVICE-PORTAL','Y','{Marketplace_User,Service_Admin,System_Admin}','/dataserviceUi/menu/{menuOid}','PUT','1','Y',now(),NULL,'KETI',NULL);
INSERT INTO apigw.routing_rule(routing_rule_id,name,description,target_service_id,authorization_yn,authorization_role_ids,new_path,method,rule_order,use_yn,creation_time,modification_time,creator_id,modifier_id) VALUES('SVC-PORTAL-46', 'SVC-PORTAL-46','SVC-PORTAL-46','DH-DATASERVICE-PORTAL','Y','{Marketplace_User,Service_Admin,System_Admin}','/dataserviceUi/menu','POST','1','Y',now(),NULL,'KETI',NULL);
INSERT INTO apigw.routing_rule(routing_rule_id,name,description,target_service_id,authorization_yn,authorization_role_ids,new_path,method,rule_order,use_yn,creation_time,modification_time,creator_id,modifier_id) VALUES('SVC-PORTAL-47', 'SVC-PORTAL-47','SVC-PORTAL-47','DH-DATASERVICE-PORTAL','N','{Marketplace_User,Service_Admin,System_Admin}','/dataserviceUi/menu/authMenu','GET','1','Y',now(),NULL,'KETI',NULL);
INSERT INTO apigw.routing_rule(routing_rule_id,name,description,target_service_id,authorization_yn,authorization_role_ids,new_path,method,rule_order,use_yn,creation_time,modification_time,creator_id,modifier_id) VALUES('SVC-PORTAL-48', 'SVC-PORTAL-48','SVC-PORTAL-48','DH-DATASERVICE-PORTAL','Y','{Marketplace_User,Service_Admin,System_Admin}','/dataserviceUi/menu/{menuOid}','DELETE','1','Y',now(),NULL,'KETI',NULL);
INSERT INTO apigw.routing_rule(routing_rule_id,name,description,target_service_id,authorization_yn,authorization_role_ids,new_path,method,rule_order,use_yn,creation_time,modification_time,creator_id,modifier_id) VALUES('SVC-PORTAL-49', 'SVC-PORTAL-49','SVC-PORTAL-49','DH-DATASERVICE-PORTAL','Y','{Marketplace_User,Service_Admin,System_Admin}','/dataserviceUi/notices/{noticeOid}','DELETE','1','Y',now(),NULL,'KETI',NULL);
INSERT INTO apigw.routing_rule(routing_rule_id,name,description,target_service_id,authorization_yn,authorization_role_ids,new_path,method,rule_order,use_yn,creation_time,modification_time,creator_id,modifier_id) VALUES('SVC-PORTAL-50', 'SVC-PORTAL-50','SVC-PORTAL-50','DH-DATASERVICE-PORTAL','N','{Marketplace_User,Service_Admin,System_Admin}','/dataserviceUi/notices/{noticeOid}/attachFiles','GET','1','Y',now(),NULL,'KETI',NULL);
INSERT INTO apigw.routing_rule(routing_rule_id,name,description,target_service_id,authorization_yn,authorization_role_ids,new_path,method,rule_order,use_yn,creation_time,modification_time,creator_id,modifier_id) VALUES('SVC-PORTAL-51', 'SVC-PORTAL-51','SVC-PORTAL-51','DH-DATASERVICE-PORTAL','N','{Marketplace_User,Service_Admin,System_Admin}','/dataserviceUi/notices/{noticeOid}','GET','1','Y',now(),NULL,'KETI',NULL);
INSERT INTO apigw.routing_rule(routing_rule_id,name,description,target_service_id,authorization_yn,authorization_role_ids,new_path,method,rule_order,use_yn,creation_time,modification_time,creator_id,modifier_id) VALUES('SVC-PORTAL-52', 'SVC-PORTAL-52','SVC-PORTAL-52','DH-DATASERVICE-PORTAL','N','{Marketplace_User,Service_Admin,System_Admin}','/dataserviceUi/notices/{noticeOid}/attachFiles/{fileId}','GET','1','Y',now(),NULL,'KETI',NULL);
INSERT INTO apigw.routing_rule(routing_rule_id,name,description,target_service_id,authorization_yn,authorization_role_ids,new_path,method,rule_order,use_yn,creation_time,modification_time,creator_id,modifier_id) VALUES('SVC-PORTAL-53', 'SVC-PORTAL-53','SVC-PORTAL-53','DH-DATASERVICE-PORTAL','Y','{Marketplace_User,Service_Admin,System_Admin}','/dataserviceUi/notices/{noticeOid}','PUT','1','Y',now(),NULL,'KETI',NULL);
INSERT INTO apigw.routing_rule(routing_rule_id,name,description,target_service_id,authorization_yn,authorization_role_ids,new_path,method,rule_order,use_yn,creation_time,modification_time,creator_id,modifier_id) VALUES('SVC-PORTAL-54', 'SVC-PORTAL-54','SVC-PORTAL-54','DH-DATASERVICE-PORTAL','Y','{Marketplace_User,Service_Admin,System_Admin}','/dataserviceUi/notices/{noticeOid}/attachFiles','POST','1','Y',now(),NULL,'KETI',NULL);
INSERT INTO apigw.routing_rule(routing_rule_id,name,description,target_service_id,authorization_yn,authorization_role_ids,new_path,method,rule_order,use_yn,creation_time,modification_time,creator_id,modifier_id) VALUES('SVC-PORTAL-55', 'SVC-PORTAL-55','SVC-PORTAL-55','DH-DATASERVICE-PORTAL','Y','{Marketplace_User,Service_Admin,System_Admin}','/dataserviceUi/notices/{noticeOid}/attachFiles/{fileId}','PUT','1','Y',now(),NULL,'KETI',NULL);
INSERT INTO apigw.routing_rule(routing_rule_id,name,description,target_service_id,authorization_yn,authorization_role_ids,new_path,method,rule_order,use_yn,creation_time,modification_time,creator_id,modifier_id) VALUES('SVC-PORTAL-56', 'SVC-PORTAL-56','SVC-PORTAL-56','DH-DATASERVICE-PORTAL','N','{Marketplace_User,Service_Admin,System_Admin}','/dataserviceUi/notices','GET','1','Y',now(),NULL,'KETI',NULL);
INSERT INTO apigw.routing_rule(routing_rule_id,name,description,target_service_id,authorization_yn,authorization_role_ids,new_path,method,rule_order,use_yn,creation_time,modification_time,creator_id,modifier_id) VALUES('SVC-PORTAL-57', 'SVC-PORTAL-57','SVC-PORTAL-57','DH-DATASERVICE-PORTAL','Y','{Marketplace_User,Service_Admin,System_Admin}','/dataserviceUi/notices','POST','1','Y',now(),NULL,'KETI',NULL);
INSERT INTO apigw.routing_rule(routing_rule_id,name,description,target_service_id,authorization_yn,authorization_role_ids,new_path,method,rule_order,use_yn,creation_time,modification_time,creator_id,modifier_id) VALUES('SVC-PORTAL-58', 'SVC-PORTAL-58','SVC-PORTAL-58','DH-DATASERVICE-PORTAL','N','{Marketplace_User,Service_Admin,System_Admin}','/dataserviceUi/programGroup','GET','1','Y',now(),NULL,'KETI',NULL);
INSERT INTO apigw.routing_rule(routing_rule_id,name,description,target_service_id,authorization_yn,authorization_role_ids,new_path,method,rule_order,use_yn,creation_time,modification_time,creator_id,modifier_id) VALUES('SVC-PORTAL-59', 'SVC-PORTAL-59','SVC-PORTAL-59','DH-DATASERVICE-PORTAL','N','{Marketplace_User,Service_Admin,System_Admin}','/dataserviceUi/programGroup/{programGroupOid}/programs/{programOid}','GET','1','Y',now(),NULL,'KETI',NULL);
INSERT INTO apigw.routing_rule(routing_rule_id,name,description,target_service_id,authorization_yn,authorization_role_ids,new_path,method,rule_order,use_yn,creation_time,modification_time,creator_id,modifier_id) VALUES('SVC-PORTAL-60', 'SVC-PORTAL-60','SVC-PORTAL-60','DH-DATASERVICE-PORTAL','N','{Marketplace_User,Service_Admin,System_Admin}','/dataserviceUi/programGroup/{programGroupOid}/programs','GET','1','Y',now(),NULL,'KETI',NULL);
INSERT INTO apigw.routing_rule(routing_rule_id,name,description,target_service_id,authorization_yn,authorization_role_ids,new_path,method,rule_order,use_yn,creation_time,modification_time,creator_id,modifier_id) VALUES('SVC-PORTAL-61', 'SVC-PORTAL-61','SVC-PORTAL-61','DH-DATASERVICE-PORTAL','Y','{Marketplace_User,Service_Admin,System_Admin}','/dataserviceUi/programGroup/{programGroupOid}/programs','POST','1','Y',now(),NULL,'KETI',NULL);
INSERT INTO apigw.routing_rule(routing_rule_id,name,description,target_service_id,authorization_yn,authorization_role_ids,new_path,method,rule_order,use_yn,creation_time,modification_time,creator_id,modifier_id) VALUES('SVC-PORTAL-62', 'SVC-PORTAL-62','SVC-PORTAL-62','DH-DATASERVICE-PORTAL','Y','{Marketplace_User,Service_Admin,System_Admin}','/dataserviceUi/programGroup/{programGroupOid}/programs/{programOid}','PUT','1','Y',now(),NULL,'KETI',NULL);
INSERT INTO apigw.routing_rule(routing_rule_id,name,description,target_service_id,authorization_yn,authorization_role_ids,new_path,method,rule_order,use_yn,creation_time,modification_time,creator_id,modifier_id) VALUES('SVC-PORTAL-63', 'SVC-PORTAL-63','SVC-PORTAL-63','DH-DATASERVICE-PORTAL','Y','{Marketplace_User,Service_Admin,System_Admin}','/dataserviceUi/programGroup/{programGroupOid}/programs/{programOid}','DELETE','1','Y',now(),NULL,'KETI',NULL);
INSERT INTO apigw.routing_rule(routing_rule_id,name,description,target_service_id,authorization_yn,authorization_role_ids,new_path,method,rule_order,use_yn,creation_time,modification_time,creator_id,modifier_id) VALUES('SVC-PORTAL-64', 'SVC-PORTAL-64','SVC-PORTAL-64','DH-DATASERVICE-PORTAL','N','{Marketplace_User,Service_Admin,System_Admin}','/dataserviceUi/programGroup/{programGroupOid}','GET','1','Y',now(),NULL,'KETI',NULL);
INSERT INTO apigw.routing_rule(routing_rule_id,name,description,target_service_id,authorization_yn,authorization_role_ids,new_path,method,rule_order,use_yn,creation_time,modification_time,creator_id,modifier_id) VALUES('SVC-PORTAL-65', 'SVC-PORTAL-65','SVC-PORTAL-65','DH-DATASERVICE-PORTAL','Y','{Marketplace_User,Service_Admin,System_Admin}','/dataserviceUi/programGroup','POST','1','Y',now(),NULL,'KETI',NULL);
INSERT INTO apigw.routing_rule(routing_rule_id,name,description,target_service_id,authorization_yn,authorization_role_ids,new_path,method,rule_order,use_yn,creation_time,modification_time,creator_id,modifier_id) VALUES('SVC-PORTAL-66', 'SVC-PORTAL-66','SVC-PORTAL-66','DH-DATASERVICE-PORTAL','Y','{Marketplace_User,Service_Admin,System_Admin}','/dataserviceUi/programGroup/{programGroupOid}','DELETE','1','Y',now(),NULL,'KETI',NULL);
INSERT INTO apigw.routing_rule(routing_rule_id,name,description,target_service_id,authorization_yn,authorization_role_ids,new_path,method,rule_order,use_yn,creation_time,modification_time,creator_id,modifier_id) VALUES('SVC-PORTAL-67', 'SVC-PORTAL-67','SVC-PORTAL-67','DH-DATASERVICE-PORTAL','Y','{Marketplace_User,Service_Admin,System_Admin}','/dataserviceUi/programGroup/{programGroupOid}','PUT','1','Y',now(),NULL,'KETI',NULL);
INSERT INTO apigw.routing_rule(routing_rule_id,name,description,target_service_id,authorization_yn,authorization_role_ids,new_path,method,rule_order,use_yn,creation_time,modification_time,creator_id,modifier_id) VALUES('SVC-PORTAL-68', 'SVC-PORTAL-68','SVC-PORTAL-68','DH-DATASERVICE-PORTAL','Y','{Marketplace_User,Service_Admin,System_Admin}','/dataserviceUi/qna/{qnaOid}','PUT','1','Y',now(),NULL,'KETI',NULL);
INSERT INTO apigw.routing_rule(routing_rule_id,name,description,target_service_id,authorization_yn,authorization_role_ids,new_path,method,rule_order,use_yn,creation_time,modification_time,creator_id,modifier_id) VALUES('SVC-PORTAL-69', 'SVC-PORTAL-69','SVC-PORTAL-69','DH-DATASERVICE-PORTAL','Y','{Marketplace_User,Service_Admin,System_Admin}','/dataserviceUi/qna/{qnaOid}/attachFiles','POST','1','Y',now(),NULL,'KETI',NULL);
INSERT INTO apigw.routing_rule(routing_rule_id,name,description,target_service_id,authorization_yn,authorization_role_ids,new_path,method,rule_order,use_yn,creation_time,modification_time,creator_id,modifier_id) VALUES('SVC-PORTAL-70', 'SVC-PORTAL-70','SVC-PORTAL-70','DH-DATASERVICE-PORTAL','Y','{Marketplace_User,Service_Admin,System_Admin}','/dataserviceUi/qna/{qnaOid}','PATCH','1','Y',now(),NULL,'KETI',NULL);
INSERT INTO apigw.routing_rule(routing_rule_id,name,description,target_service_id,authorization_yn,authorization_role_ids,new_path,method,rule_order,use_yn,creation_time,modification_time,creator_id,modifier_id) VALUES('SVC-PORTAL-71', 'SVC-PORTAL-71','SVC-PORTAL-71','DH-DATASERVICE-PORTAL','N','{Marketplace_User,Service_Admin,System_Admin}','/dataserviceUi/qna/{qnaOid}','GET','1','Y',now(),NULL,'KETI',NULL);
INSERT INTO apigw.routing_rule(routing_rule_id,name,description,target_service_id,authorization_yn,authorization_role_ids,new_path,method,rule_order,use_yn,creation_time,modification_time,creator_id,modifier_id) VALUES('SVC-PORTAL-72', 'SVC-PORTAL-72','SVC-PORTAL-72','DH-DATASERVICE-PORTAL','N','{Marketplace_User,Service_Admin,System_Admin}','/dataserviceUi/qna','GET','1','Y',now(),NULL,'KETI',NULL);
INSERT INTO apigw.routing_rule(routing_rule_id,name,description,target_service_id,authorization_yn,authorization_role_ids,new_path,method,rule_order,use_yn,creation_time,modification_time,creator_id,modifier_id) VALUES('SVC-PORTAL-73', 'SVC-PORTAL-73','SVC-PORTAL-73','DH-DATASERVICE-PORTAL','Y','{Marketplace_User,Service_Admin,System_Admin}','/dataserviceUi/qna','POST','1','Y',now(),NULL,'KETI',NULL);
INSERT INTO apigw.routing_rule(routing_rule_id,name,description,target_service_id,authorization_yn,authorization_role_ids,new_path,method,rule_order,use_yn,creation_time,modification_time,creator_id,modifier_id) VALUES('SVC-PORTAL-74', 'SVC-PORTAL-74','SVC-PORTAL-74','DH-DATASERVICE-PORTAL','Y','{Marketplace_User,Service_Admin,System_Admin}','/dataserviceUi/qna/{qnaOid}','DELETE','1','Y',now(),NULL,'KETI',NULL);
INSERT INTO apigw.routing_rule(routing_rule_id,name,description,target_service_id,authorization_yn,authorization_role_ids,new_path,method,rule_order,use_yn,creation_time,modification_time,creator_id,modifier_id) VALUES('SVC-PORTAL-75', 'SVC-PORTAL-75','SVC-PORTAL-75','DH-DATASERVICE-PORTAL','Y','{Marketplace_User,Service_Admin,System_Admin}','/dataserviceUi/qna/{qnaOid}/attachFiles/{fileId}','PUT','1','Y',now(),NULL,'KETI',NULL);
INSERT INTO apigw.routing_rule(routing_rule_id,name,description,target_service_id,authorization_yn,authorization_role_ids,new_path,method,rule_order,use_yn,creation_time,modification_time,creator_id,modifier_id) VALUES('SVC-PORTAL-76', 'SVC-PORTAL-76','SVC-PORTAL-76','DH-DATASERVICE-PORTAL','N','{Marketplace_User,Service_Admin,System_Admin}','/dataserviceUi/qna/{qnaOid}/attachFiles','GET','1','Y',now(),NULL,'KETI',NULL);
INSERT INTO apigw.routing_rule(routing_rule_id,name,description,target_service_id,authorization_yn,authorization_role_ids,new_path,method,rule_order,use_yn,creation_time,modification_time,creator_id,modifier_id) VALUES('SVC-PORTAL-77', 'SVC-PORTAL-77','SVC-PORTAL-77','DH-DATASERVICE-PORTAL','N','{Marketplace_User,Service_Admin,System_Admin}','/dataserviceUi/qna/{qnaOid}/attachFiles/{fileId}','GET','1','Y',now(),NULL,'KETI',NULL);
INSERT INTO apigw.routing_rule(routing_rule_id,name,description,target_service_id,authorization_yn,authorization_role_ids,new_path,method,rule_order,use_yn,creation_time,modification_time,creator_id,modifier_id) VALUES('SVC-PORTAL-78', 'SVC-PORTAL-78','SVC-PORTAL-78','DH-DATASERVICE-PORTAL','Y','{Marketplace_User,Service_Admin,System_Admin}','/dataserviceUi/qna/{qnaOid}/attachFiles/{fileId}','DELETE','1','Y',now(),NULL,'KETI',NULL);
INSERT INTO apigw.routing_rule(routing_rule_id,name,description,target_service_id,authorization_yn,authorization_role_ids,new_path,method,rule_order,use_yn,creation_time,modification_time,creator_id,modifier_id) VALUES('SVC-PORTAL-79', 'SVC-PORTAL-79','SVC-PORTAL-79','DH-DATASERVICE-PORTAL','Y','{Marketplace_User,Service_Admin,System_Admin}','/dataserviceUi/review/{reviewOid}/attachFiles/{fileId}','DELETE','1','Y',now(),NULL,'KETI',NULL);
INSERT INTO apigw.routing_rule(routing_rule_id,name,description,target_service_id,authorization_yn,authorization_role_ids,new_path,method,rule_order,use_yn,creation_time,modification_time,creator_id,modifier_id) VALUES('SVC-PORTAL-80', 'SVC-PORTAL-80','SVC-PORTAL-80','DH-DATASERVICE-PORTAL','Y','{Marketplace_User,Service_Admin,System_Admin}','/dataserviceUi/review','POST','1','Y',now(),NULL,'KETI',NULL);
INSERT INTO apigw.routing_rule(routing_rule_id,name,description,target_service_id,authorization_yn,authorization_role_ids,new_path,method,rule_order,use_yn,creation_time,modification_time,creator_id,modifier_id) VALUES('SVC-PORTAL-81', 'SVC-PORTAL-81','SVC-PORTAL-81','DH-DATASERVICE-PORTAL','N','{Marketplace_User,Service_Admin,System_Admin}','/dataserviceUi/review/{reviewOid}','GET','1','Y',now(),NULL,'KETI',NULL);
INSERT INTO apigw.routing_rule(routing_rule_id,name,description,target_service_id,authorization_yn,authorization_role_ids,new_path,method,rule_order,use_yn,creation_time,modification_time,creator_id,modifier_id) VALUES('SVC-PORTAL-82', 'SVC-PORTAL-82','SVC-PORTAL-82','DH-DATASERVICE-PORTAL','N','{Marketplace_User,Service_Admin,System_Admin}','/dataserviceUi/review','GET','1','Y',now(),NULL,'KETI',NULL);
INSERT INTO apigw.routing_rule(routing_rule_id,name,description,target_service_id,authorization_yn,authorization_role_ids,new_path,method,rule_order,use_yn,creation_time,modification_time,creator_id,modifier_id) VALUES('SVC-PORTAL-83', 'SVC-PORTAL-83','SVC-PORTAL-83','DH-DATASERVICE-PORTAL','N','{Marketplace_User,Service_Admin,System_Admin}','/dataserviceUi/review/{reviewOid}/attachFiles/{fileId}','GET','1','Y',now(),NULL,'KETI',NULL);
INSERT INTO apigw.routing_rule(routing_rule_id,name,description,target_service_id,authorization_yn,authorization_role_ids,new_path,method,rule_order,use_yn,creation_time,modification_time,creator_id,modifier_id) VALUES('SVC-PORTAL-84', 'SVC-PORTAL-84','SVC-PORTAL-84','DH-DATASERVICE-PORTAL','Y','{Marketplace_User,Service_Admin,System_Admin}','/dataserviceUi/review/{reviewOid}/attachFiles','POST','1','Y',now(),NULL,'KETI',NULL);
INSERT INTO apigw.routing_rule(routing_rule_id,name,description,target_service_id,authorization_yn,authorization_role_ids,new_path,method,rule_order,use_yn,creation_time,modification_time,creator_id,modifier_id) VALUES('SVC-PORTAL-85', 'SVC-PORTAL-85','SVC-PORTAL-85','DH-DATASERVICE-PORTAL','N','{Marketplace_User,Service_Admin,System_Admin}','/dataserviceUi/review/{reviewOid}/attachFiles','GET','1','Y',now(),NULL,'KETI',NULL);
INSERT INTO apigw.routing_rule(routing_rule_id,name,description,target_service_id,authorization_yn,authorization_role_ids,new_path,method,rule_order,use_yn,creation_time,modification_time,creator_id,modifier_id) VALUES('SVC-PORTAL-86', 'SVC-PORTAL-86','SVC-PORTAL-86','DH-DATASERVICE-PORTAL','Y','{Marketplace_User,Service_Admin,System_Admin}','/dataserviceUi/review/{reviewOid}/attachFiles/{fileId}','PUT','1','Y',now(),NULL,'KETI',NULL);
INSERT INTO apigw.routing_rule(routing_rule_id,name,description,target_service_id,authorization_yn,authorization_role_ids,new_path,method,rule_order,use_yn,creation_time,modification_time,creator_id,modifier_id) VALUES('SVC-PORTAL-87', 'SVC-PORTAL-87','SVC-PORTAL-87','DH-DATASERVICE-PORTAL','Y','{Marketplace_User,Service_Admin,System_Admin}','/dataserviceUi/review/{reviewOid}','DELETE','1','Y',now(),NULL,'KETI',NULL);
INSERT INTO apigw.routing_rule(routing_rule_id,name,description,target_service_id,authorization_yn,authorization_role_ids,new_path,method,rule_order,use_yn,creation_time,modification_time,creator_id,modifier_id) VALUES('SVC-PORTAL-88', 'SVC-PORTAL-88','SVC-PORTAL-88','DH-DATASERVICE-PORTAL','Y','{Marketplace_User,Service_Admin,System_Admin}','/dataserviceUi/review/{reviewOid}','PUT','1','Y',now(),NULL,'KETI',NULL);
INSERT INTO apigw.routing_rule(routing_rule_id,name,description,target_service_id,authorization_yn,authorization_role_ids,new_path,method,rule_order,use_yn,creation_time,modification_time,creator_id,modifier_id) VALUES('SVC-DATASET-PROVIDER-01', 'SVC-DATASET-PROVIDER-01','SVC-DATASET-PROVIDER-01','DH-DATASERVICE-DATASET-PROVIDER','N','{Marketplace_User,Service_Admin,System_Admin}','/dataserviceUi/datasetCategories/{categoryOid}/image','GET','1','Y',now(),NULL,'KETI',NULL);
INSERT INTO apigw.routing_rule(routing_rule_id,name,description,target_service_id,authorization_yn,authorization_role_ids,new_path,method,rule_order,use_yn,creation_time,modification_time,creator_id,modifier_id) VALUES('SVC-DATASET-PROVIDER-02', 'SVC-DATASET-PROVIDER-02','SVC-DATASET-PROVIDER-02','DH-DATASERVICE-DATASET-PROVIDER','N','{Marketplace_User,Service_Admin,System_Admin}','/dataservice/datasetCategories','GET','1','Y',now(),NULL,'KETI',NULL);
INSERT INTO apigw.routing_rule(routing_rule_id,name,description,target_service_id,authorization_yn,authorization_role_ids,new_path,method,rule_order,use_yn,creation_time,modification_time,creator_id,modifier_id) VALUES('SVC-DATASET-PROVIDER-03', 'SVC-DATASET-PROVIDER-03','SVC-DATASET-PROVIDER-03','DH-DATASERVICE-DATASET-PROVIDER','Y','{Marketplace_User,Service_Admin,System_Admin}','/dataservice/datasetCategories','POST','1','Y',now(),NULL,'KETI',NULL);
INSERT INTO apigw.routing_rule(routing_rule_id,name,description,target_service_id,authorization_yn,authorization_role_ids,new_path,method,rule_order,use_yn,creation_time,modification_time,creator_id,modifier_id) VALUES('SVC-DATASET-PROVIDER-04', 'SVC-DATASET-PROVIDER-04','SVC-DATASET-PROVIDER-04','DH-DATASERVICE-DATASET-PROVIDER','N','{Marketplace_User,Service_Admin,System_Admin}','/dataservice/datasetCategories/{categoryOid}','GET','1','Y',now(),NULL,'KETI',NULL);
INSERT INTO apigw.routing_rule(routing_rule_id,name,description,target_service_id,authorization_yn,authorization_role_ids,new_path,method,rule_order,use_yn,creation_time,modification_time,creator_id,modifier_id) VALUES('SVC-DATASET-PROVIDER-05', 'SVC-DATASET-PROVIDER-05','SVC-DATASET-PROVIDER-05','DH-DATASERVICE-DATASET-PROVIDER','Y','{Marketplace_User,Service_Admin,System_Admin}','/dataservice/datasetCategories/{categoryOid}','PUT','1','Y',now(),NULL,'KETI',NULL);
INSERT INTO apigw.routing_rule(routing_rule_id,name,description,target_service_id,authorization_yn,authorization_role_ids,new_path,method,rule_order,use_yn,creation_time,modification_time,creator_id,modifier_id) VALUES('SVC-DATASET-PROVIDER-06', 'SVC-DATASET-PROVIDER-06','SVC-DATASET-PROVIDER-06','DH-DATASERVICE-DATASET-PROVIDER','Y','{Marketplace_User,Service_Admin,System_Admin}','/dataservice/datasetCategories/{categoryOid}','DELETE','1','Y',now(),NULL,'KETI',NULL);
INSERT INTO apigw.routing_rule(routing_rule_id,name,description,target_service_id,authorization_yn,authorization_role_ids,new_path,method,rule_order,use_yn,creation_time,modification_time,creator_id,modifier_id) VALUES('SVC-DATASET-PROVIDER-07', 'SVC-DATASET-PROVIDER-07','SVC-DATASET-PROVIDER-07','DH-DATASERVICE-DATASET-PROVIDER','Y','{Marketplace_User,Service_Admin,System_Admin}','/dataservice/datasetCategories/{categoryOid}','PATCH','1','Y',now(),NULL,'KETI',NULL);
INSERT INTO apigw.routing_rule(routing_rule_id,name,description,target_service_id,authorization_yn,authorization_role_ids,new_path,method,rule_order,use_yn,creation_time,modification_time,creator_id,modifier_id) VALUES('SVC-DATASET-PROVIDER-08', 'SVC-DATASET-PROVIDER-08','SVC-DATASET-PROVIDER-08','DH-DATASERVICE-DATASET-PROVIDER','N','{Marketplace_User,Service_Admin,System_Admin}','/dataservice/dataset/{datasetId}/file','GET','1','Y',now(),NULL,'KETI',NULL);
INSERT INTO apigw.routing_rule(routing_rule_id,name,description,target_service_id,authorization_yn,authorization_role_ids,new_path,method,rule_order,use_yn,creation_time,modification_time,creator_id,modifier_id) VALUES('SVC-DATASET-PROVIDER-09', 'SVC-DATASET-PROVIDER-09','SVC-DATASET-PROVIDER-09','DH-DATASERVICE-DATASET-PROVIDER','N','{Marketplace_User,Service_Admin,System_Admin}','/dataservice/dataset/{datasetId}/check','GET','1','Y',now(),NULL,'KETI',NULL);
INSERT INTO apigw.routing_rule(routing_rule_id,name,description,target_service_id,authorization_yn,authorization_role_ids,new_path,method,rule_order,use_yn,creation_time,modification_time,creator_id,modifier_id) VALUES('SVC-DATASET-PROVIDER-10', 'SVC-DATASET-PROVIDER-10','SVC-DATASET-PROVIDER-10','DH-DATASERVICE-DATASET-PROVIDER','N','{Marketplace_User,Service_Admin,System_Admin}','/dataservice/dataset/{datasetId}/data','GET','1','Y',now(),NULL,'KETI',NULL);
INSERT INTO apigw.routing_rule(routing_rule_id,name,description,target_service_id,authorization_yn,authorization_role_ids,new_path,method,rule_order,use_yn,creation_time,modification_time,creator_id,modifier_id) VALUES('SVC-DATASET-PROVIDER-11', 'SVC-DATASET-PROVIDER-11','SVC-DATASET-PROVIDER-11','DH-DATASERVICE-DATASET-PROVIDER','Y','{Marketplace_User,Service_Admin,System_Admin}','/dataservice/dataset/{datasetId}/attachFiles','POST','1','Y',now(),NULL,'KETI',NULL);
INSERT INTO apigw.routing_rule(routing_rule_id,name,description,target_service_id,authorization_yn,authorization_role_ids,new_path,method,rule_order,use_yn,creation_time,modification_time,creator_id,modifier_id) VALUES('SVC-DATASET-PROVIDER-12', 'SVC-DATASET-PROVIDER-12','SVC-DATASET-PROVIDER-12','DH-DATASERVICE-DATASET-PROVIDER','Y','{Marketplace_User,Service_Admin,System_Admin}','/dataservice/dataset/{datasetId}/columns/{columnId}','PATCH','1','Y',now(),NULL,'KETI',NULL);
INSERT INTO apigw.routing_rule(routing_rule_id,name,description,target_service_id,authorization_yn,authorization_role_ids,new_path,method,rule_order,use_yn,creation_time,modification_time,creator_id,modifier_id) VALUES('SVC-DATASET-PROVIDER-13', 'SVC-DATASET-PROVIDER-13','SVC-DATASET-PROVIDER-13','DH-DATASERVICE-DATASET-PROVIDER','N','{Marketplace_User,Service_Admin,System_Admin}','/dataservice/dataset','GET','1','Y',now(),NULL,'KETI',NULL);
INSERT INTO apigw.routing_rule(routing_rule_id,name,description,target_service_id,authorization_yn,authorization_role_ids,new_path,method,rule_order,use_yn,creation_time,modification_time,creator_id,modifier_id) VALUES('SVC-DATASET-PROVIDER-14', 'SVC-DATASET-PROVIDER-14','SVC-DATASET-PROVIDER-14','DH-DATASERVICE-DATASET-PROVIDER','Y','{Marketplace_User,Service_Admin,System_Admin}','/dataservice/dataset','POST','1','Y',now(),NULL,'KETI',NULL);
INSERT INTO apigw.routing_rule(routing_rule_id,name,description,target_service_id,authorization_yn,authorization_role_ids,new_path,method,rule_order,use_yn,creation_time,modification_time,creator_id,modifier_id) VALUES('SVC-DATASET-PROVIDER-15', 'SVC-DATASET-PROVIDER-15','SVC-DATASET-PROVIDER-15','DH-DATASERVICE-DATASET-PROVIDER','Y','{Marketplace_User,Service_Admin,System_Admin}','/dataservice/dataset/{datasetId}/instance/{instanceId}','DELETE','1','Y',now(),NULL,'KETI',NULL);
INSERT INTO apigw.routing_rule(routing_rule_id,name,description,target_service_id,authorization_yn,authorization_role_ids,new_path,method,rule_order,use_yn,creation_time,modification_time,creator_id,modifier_id) VALUES('SVC-DATASET-PROVIDER-16', 'SVC-DATASET-PROVIDER-16','SVC-DATASET-PROVIDER-16','DH-DATASERVICE-DATASET-PROVIDER','Y','{Marketplace_User,Service_Admin,System_Admin}','/dataservice/dataset/{datasetId}/searchCondition','POST','1','Y',now(),NULL,'KETI',NULL);
INSERT INTO apigw.routing_rule(routing_rule_id,name,description,target_service_id,authorization_yn,authorization_role_ids,new_path,method,rule_order,use_yn,creation_time,modification_time,creator_id,modifier_id) VALUES('SVC-DATASET-PROVIDER-17', 'SVC-DATASET-PROVIDER-17','SVC-DATASET-PROVIDER-17','DH-DATASERVICE-DATASET-PROVIDER','Y','{Marketplace_User,Service_Admin,System_Admin}','/dataservice/dataset/{datasetId}/instance','POST','1','Y',now(),NULL,'KETI',NULL);
INSERT INTO apigw.routing_rule(routing_rule_id,name,description,target_service_id,authorization_yn,authorization_role_ids,new_path,method,rule_order,use_yn,creation_time,modification_time,creator_id,modifier_id) VALUES('SVC-DATASET-PROVIDER-18', 'SVC-DATASET-PROVIDER-18','SVC-DATASET-PROVIDER-18','DH-DATASERVICE-DATASET-PROVIDER','Y','{Marketplace_User,Service_Admin,System_Admin}','/dataservice/datasetAdaptor/{datasetAdapterId}/columns/{columnId}','PUT','1','Y',now(),NULL,'KETI',NULL);
INSERT INTO apigw.routing_rule(routing_rule_id,name,description,target_service_id,authorization_yn,authorization_role_ids,new_path,method,rule_order,use_yn,creation_time,modification_time,creator_id,modifier_id) VALUES('SVC-DATASET-PROVIDER-19', 'SVC-DATASET-PROVIDER-19','SVC-DATASET-PROVIDER-19','DH-DATASERVICE-DATASET-PROVIDER','Y','{Marketplace_User,Service_Admin,System_Admin}','/dataservice/datasetAdaptor/{datasetAdapterId}/columns/{columnId}','DELETE','1','Y',now(),NULL,'KETI',NULL);
INSERT INTO apigw.routing_rule(routing_rule_id,name,description,target_service_id,authorization_yn,authorization_role_ids,new_path,method,rule_order,use_yn,creation_time,modification_time,creator_id,modifier_id) VALUES('SVC-DATASET-PROVIDER-20', 'SVC-DATASET-PROVIDER-20','SVC-DATASET-PROVIDER-20','DH-DATASERVICE-DATASET-PROVIDER','Y','{Marketplace_User,Service_Admin,System_Admin}','/dataservice/dataset/{datasetId}/columns','POST','1','Y',now(),NULL,'KETI',NULL);
INSERT INTO apigw.routing_rule(routing_rule_id,name,description,target_service_id,authorization_yn,authorization_role_ids,new_path,method,rule_order,use_yn,creation_time,modification_time,creator_id,modifier_id) VALUES('SVC-DATASET-PROVIDER-21', 'SVC-DATASET-PROVIDER-21','SVC-DATASET-PROVIDER-21','DH-DATASERVICE-DATASET-PROVIDER','Y','{Marketplace_User,Service_Admin,System_Admin}','/dataservice/dataset/{datasetId}/columns/{columnId}','PUT','1','Y',now(),NULL,'KETI',NULL);
INSERT INTO apigw.routing_rule(routing_rule_id,name,description,target_service_id,authorization_yn,authorization_role_ids,new_path,method,rule_order,use_yn,creation_time,modification_time,creator_id,modifier_id) VALUES('SVC-DATASET-PROVIDER-22', 'SVC-DATASET-PROVIDER-22','SVC-DATASET-PROVIDER-22','DH-DATASERVICE-DATASET-PROVIDER','Y','{Marketplace_User,Service_Admin,System_Admin}','/dataservice/dataset/{datasetId}/columns/{columnId}','DELETE','1','Y',now(),NULL,'KETI',NULL);
INSERT INTO apigw.routing_rule(routing_rule_id,name,description,target_service_id,authorization_yn,authorization_role_ids,new_path,method,rule_order,use_yn,creation_time,modification_time,creator_id,modifier_id) VALUES('SVC-DATASET-PROVIDER-23', 'SVC-DATASET-PROVIDER-23','SVC-DATASET-PROVIDER-23','DH-DATASERVICE-DATASET-PROVIDER','Y','{Marketplace_User,Service_Admin,System_Admin}','/dataservice/dataset/{datasetId}','PUT','1','Y',now(),NULL,'KETI',NULL);
INSERT INTO apigw.routing_rule(routing_rule_id,name,description,target_service_id,authorization_yn,authorization_role_ids,new_path,method,rule_order,use_yn,creation_time,modification_time,creator_id,modifier_id) VALUES('SVC-DATASET-PROVIDER-24', 'SVC-DATASET-PROVIDER-24','SVC-DATASET-PROVIDER-24','DH-DATASERVICE-DATASET-PROVIDER','Y','{Marketplace_User,Service_Admin,System_Admin}','/dataservice/dataset/{datasetId}','PATCH','1','Y',now(),NULL,'KETI',NULL);
INSERT INTO apigw.routing_rule(routing_rule_id,name,description,target_service_id,authorization_yn,authorization_role_ids,new_path,method,rule_order,use_yn,creation_time,modification_time,creator_id,modifier_id) VALUES('SVC-DATASET-PROVIDER-25', 'SVC-DATASET-PROVIDER-25','SVC-DATASET-PROVIDER-25','DH-DATASERVICE-DATASET-PROVIDER','Y','{Marketplace_User,Service_Admin,System_Admin}','/dataservice/dataset/{datasetId}','DELETE','1','Y',now(),NULL,'KETI',NULL);
INSERT INTO apigw.routing_rule(routing_rule_id,name,description,target_service_id,authorization_yn,authorization_role_ids,new_path,method,rule_order,use_yn,creation_time,modification_time,creator_id,modifier_id) VALUES('SVC-DATASET-PROVIDER-26', 'SVC-DATASET-PROVIDER-26','SVC-DATASET-PROVIDER-26','DH-DATASERVICE-DATASET-PROVIDER','N','{Marketplace_User,Service_Admin,System_Admin}','/dataservice/dataset/{datasetId}','GET','1','Y',now(),NULL,'KETI',NULL);
INSERT INTO apigw.routing_rule(routing_rule_id,name,description,target_service_id,authorization_yn,authorization_role_ids,new_path,method,rule_order,use_yn,creation_time,modification_time,creator_id,modifier_id) VALUES('SVC-DATASET-PROVIDER-27', 'SVC-DATASET-PROVIDER-27','SVC-DATASET-PROVIDER-27','DH-DATASERVICE-DATASET-PROVIDER','Y','{Marketplace_User,Service_Admin,System_Admin}','/dataservice/dataset/{datasetId}/requestUsage/{requestUsageId}/receptions','POST','1','Y',now(),NULL,'KETI',NULL);
INSERT INTO apigw.routing_rule(routing_rule_id,name,description,target_service_id,authorization_yn,authorization_role_ids,new_path,method,rule_order,use_yn,creation_time,modification_time,creator_id,modifier_id) VALUES('SVC-DATASET-PROVIDER-28', 'SVC-DATASET-PROVIDER-28','SVC-DATASET-PROVIDER-28','DH-DATASERVICE-DATASET-PROVIDER','N','{Marketplace_User,Service_Admin,System_Admin}','/dataservice/dataset/{datasetId}/wishlist','GET','1','Y',now(),NULL,'KETI',NULL);
INSERT INTO apigw.routing_rule(routing_rule_id,name,description,target_service_id,authorization_yn,authorization_role_ids,new_path,method,rule_order,use_yn,creation_time,modification_time,creator_id,modifier_id) VALUES('SVC-DATASET-PROVIDER-29', 'SVC-DATASET-PROVIDER-29','SVC-DATASET-PROVIDER-29','DH-DATASERVICE-DATASET-PROVIDER','N','{Marketplace_User,Service_Admin,System_Admin}','/dataservice/dataset/{datasetId}/columns/{columnId}','GET','1','Y',now(),NULL,'KETI',NULL);
INSERT INTO apigw.routing_rule(routing_rule_id,name,description,target_service_id,authorization_yn,authorization_role_ids,new_path,method,rule_order,use_yn,creation_time,modification_time,creator_id,modifier_id) VALUES('SVC-DATASET-PROVIDER-30', 'SVC-DATASET-PROVIDER-30','SVC-DATASET-PROVIDER-30','DH-DATASERVICE-DATASET-PROVIDER','N','{Marketplace_User,Service_Admin,System_Admin}','/dataservice/dataset/{datasetId}/requestUsage','GET','1','Y',now(),NULL,'KETI',NULL);
INSERT INTO apigw.routing_rule(routing_rule_id,name,description,target_service_id,authorization_yn,authorization_role_ids,new_path,method,rule_order,use_yn,creation_time,modification_time,creator_id,modifier_id) VALUES('SVC-DATASET-PROVIDER-31', 'SVC-DATASET-PROVIDER-31','SVC-DATASET-PROVIDER-31','DH-DATASERVICE-DATASET-PROVIDER','N','{Marketplace_User,Service_Admin,System_Admin}','/dataservice/dataset/{datasetId}/requestUsage/{requestUsageId}/receptions','GET','1','Y',now(),NULL,'KETI',NULL);
INSERT INTO apigw.routing_rule(routing_rule_id,name,description,target_service_id,authorization_yn,authorization_role_ids,new_path,method,rule_order,use_yn,creation_time,modification_time,creator_id,modifier_id) VALUES('SVC-DATASET-PROVIDER-32', 'SVC-DATASET-PROVIDER-32','SVC-DATASET-PROVIDER-32','DH-DATASERVICE-DATASET-PROVIDER','Y','{Marketplace_User,Service_Admin,System_Admin}','/dataservice/dataset/{datasetId}/inquiry/{inquiryId}','DELETE','1','Y',now(),NULL,'KETI',NULL);
INSERT INTO apigw.routing_rule(routing_rule_id,name,description,target_service_id,authorization_yn,authorization_role_ids,new_path,method,rule_order,use_yn,creation_time,modification_time,creator_id,modifier_id) VALUES('SVC-DATASET-PROVIDER-33', 'SVC-DATASET-PROVIDER-33','SVC-DATASET-PROVIDER-33','DH-DATASERVICE-DATASET-PROVIDER','Y','{Marketplace_User,Service_Admin,System_Admin}','/dataservice/dataset/{datasetId}/inquiry/{inquiryId}','PUT','1','Y',now(),NULL,'KETI',NULL);
INSERT INTO apigw.routing_rule(routing_rule_id,name,description,target_service_id,authorization_yn,authorization_role_ids,new_path,method,rule_order,use_yn,creation_time,modification_time,creator_id,modifier_id) VALUES('SVC-DATASET-PROVIDER-34', 'SVC-DATASET-PROVIDER-34','SVC-DATASET-PROVIDER-34','DH-DATASERVICE-DATASET-PROVIDER','N','{Marketplace_User,Service_Admin,System_Admin}','/dataservice/dataset/{datasetId}/inquiry','GET','1','Y',now(),NULL,'KETI',NULL);
INSERT INTO apigw.routing_rule(routing_rule_id,name,description,target_service_id,authorization_yn,authorization_role_ids,new_path,method,rule_order,use_yn,creation_time,modification_time,creator_id,modifier_id) VALUES('SVC-DATASET-PROVIDER-35', 'SVC-DATASET-PROVIDER-35','SVC-DATASET-PROVIDER-35','DH-DATASERVICE-DATASET-PROVIDER','Y','{Marketplace_User,Service_Admin,System_Admin}','/dataservice/dataset/{datasetId}/inquiry','POST','1','Y',now(),NULL,'KETI',NULL);
INSERT INTO apigw.routing_rule(routing_rule_id,name,description,target_service_id,authorization_yn,authorization_role_ids,new_path,method,rule_order,use_yn,creation_time,modification_time,creator_id,modifier_id) VALUES('SVC-DATASET-PROVIDER-36', 'SVC-DATASET-PROVIDER-36','SVC-DATASET-PROVIDER-36','DH-DATASERVICE-DATASET-PROVIDER','N','{Marketplace_User,Service_Admin,System_Admin}','/dataservice/dataset/{datasetId}/requestUsage/{requestUsageId}/receptions/{recvId}','GET','1','Y',now(),NULL,'KETI',NULL);
INSERT INTO apigw.routing_rule(routing_rule_id,name,description,target_service_id,authorization_yn,authorization_role_ids,new_path,method,rule_order,use_yn,creation_time,modification_time,creator_id,modifier_id) VALUES('SVC-DATASET-PROVIDER-37', 'SVC-DATASET-PROVIDER-37','SVC-DATASET-PROVIDER-37','DH-DATASERVICE-DATASET-PROVIDER','N','{Marketplace_User,Service_Admin,System_Admin}','/dataservice/dataset/{datasetId}/searchCondition','GET','1','Y',now(),NULL,'KETI',NULL);
INSERT INTO apigw.routing_rule(routing_rule_id,name,description,target_service_id,authorization_yn,authorization_role_ids,new_path,method,rule_order,use_yn,creation_time,modification_time,creator_id,modifier_id) VALUES('SVC-DATASET-PROVIDER-38', 'SVC-DATASET-PROVIDER-38','SVC-DATASET-PROVIDER-38','DH-DATASERVICE-DATASET-PROVIDER','N','{Marketplace_User,Service_Admin,System_Admin}','/dataservice/dataset/{datasetId}/datasetOrigin','GET','1','Y',now(),NULL,'KETI',NULL);
INSERT INTO apigw.routing_rule(routing_rule_id,name,description,target_service_id,authorization_yn,authorization_role_ids,new_path,method,rule_order,use_yn,creation_time,modification_time,creator_id,modifier_id) VALUES('SVC-DATASET-PROVIDER-39', 'SVC-DATASET-PROVIDER-39','SVC-DATASET-PROVIDER-39','DH-DATASERVICE-DATASET-PROVIDER','N','{Marketplace_User,Service_Admin,System_Admin}','/dataservice/dataset/{datasetId}/instance','GET','1','Y',now(),NULL,'KETI',NULL);
INSERT INTO apigw.routing_rule(routing_rule_id,name,description,target_service_id,authorization_yn,authorization_role_ids,new_path,method,rule_order,use_yn,creation_time,modification_time,creator_id,modifier_id) VALUES('SVC-DATASET-PROVIDER-40', 'SVC-DATASET-PROVIDER-40','SVC-DATASET-PROVIDER-40','DH-DATASERVICE-DATASET-PROVIDER','N','{Marketplace_User,Service_Admin,System_Admin}','/dataservice/dataset/{datasetId}/columns','GET','1','Y',now(),NULL,'KETI',NULL);
INSERT INTO apigw.routing_rule(routing_rule_id,name,description,target_service_id,authorization_yn,authorization_role_ids,new_path,method,rule_order,use_yn,creation_time,modification_time,creator_id,modifier_id) VALUES('SVC-DATASET-PROVIDER-41', 'SVC-DATASET-PROVIDER-41','SVC-DATASET-PROVIDER-41','DH-DATASERVICE-DATASET-PROVIDER','Y','{Marketplace_User,Service_Admin,System_Admin}','/dataservice/datasetAdaptor','POST','1','Y',now(),NULL,'KETI',NULL);
INSERT INTO apigw.routing_rule(routing_rule_id,name,description,target_service_id,authorization_yn,authorization_role_ids,new_path,method,rule_order,use_yn,creation_time,modification_time,creator_id,modifier_id) VALUES('SVC-DATASET-PROVIDER-42', 'SVC-DATASET-PROVIDER-42','SVC-DATASET-PROVIDER-42','DH-DATASERVICE-DATASET-PROVIDER','N','{Marketplace_User,Service_Admin,System_Admin}','/dataservice/datasetAdaptor/{datasetAdapterId}/columns','GET','1','Y',now(),NULL,'KETI',NULL);
INSERT INTO apigw.routing_rule(routing_rule_id,name,description,target_service_id,authorization_yn,authorization_role_ids,new_path,method,rule_order,use_yn,creation_time,modification_time,creator_id,modifier_id) VALUES('SVC-DATASET-PROVIDER-43', 'SVC-DATASET-PROVIDER-43','SVC-DATASET-PROVIDER-43','DH-DATASERVICE-DATASET-PROVIDER','N','{Marketplace_User,Service_Admin,System_Admin}','/dataservice/datasetAdaptor','GET','1','Y',now(),NULL,'KETI',NULL);
INSERT INTO apigw.routing_rule(routing_rule_id,name,description,target_service_id,authorization_yn,authorization_role_ids,new_path,method,rule_order,use_yn,creation_time,modification_time,creator_id,modifier_id) VALUES('SVC-DATASET-PROVIDER-44', 'SVC-DATASET-PROVIDER-44','SVC-DATASET-PROVIDER-44','DH-DATASERVICE-DATASET-PROVIDER','Y','{Marketplace_User,Service_Admin,System_Admin}','/dataservice/datasetAdaptor/{datasetAdapterId}/columns','POST','1','Y',now(),NULL,'KETI',NULL);
INSERT INTO apigw.routing_rule(routing_rule_id,name,description,target_service_id,authorization_yn,authorization_role_ids,new_path,method,rule_order,use_yn,creation_time,modification_time,creator_id,modifier_id) VALUES('SVC-DATASET-PROVIDER-45', 'SVC-DATASET-PROVIDER-45','SVC-DATASET-PROVIDER-45','DH-DATASERVICE-DATASET-PROVIDER','N','{Marketplace_User,Service_Admin,System_Admin}','/dataservice/datasetAdaptor/{datasetAdapterId}/columns/{columnId}','GET','1','Y',now(),NULL,'KETI',NULL);
INSERT INTO apigw.routing_rule(routing_rule_id,name,description,target_service_id,authorization_yn,authorization_role_ids,new_path,method,rule_order,use_yn,creation_time,modification_time,creator_id,modifier_id) VALUES('SVC-DATASET-PROVIDER-46', 'SVC-DATASET-PROVIDER-46','SVC-DATASET-PROVIDER-46','DH-DATASERVICE-DATASET-PROVIDER','N','{Marketplace_User,Service_Admin,System_Admin}','/dataservice/dataset/{datasetId}/attachFiles/{fileId}','GET','1','Y',now(),NULL,'KETI',NULL);
INSERT INTO apigw.routing_rule(routing_rule_id,name,description,target_service_id,authorization_yn,authorization_role_ids,new_path,method,rule_order,use_yn,creation_time,modification_time,creator_id,modifier_id) VALUES('SVC-DATASET-PROVIDER-47', 'SVC-DATASET-PROVIDER-47','SVC-DATASET-PROVIDER-47','DH-DATASERVICE-DATASET-PROVIDER','Y','{Marketplace_User,Service_Admin,System_Admin}','/dataservice/dataset/{datasetId}/searchCondition/{searchConditionId}','DELETE','1','Y',now(),NULL,'KETI',NULL);
INSERT INTO apigw.routing_rule(routing_rule_id,name,description,target_service_id,authorization_yn,authorization_role_ids,new_path,method,rule_order,use_yn,creation_time,modification_time,creator_id,modifier_id) VALUES('SVC-DATASET-PROVIDER-48', 'SVC-DATASET-PROVIDER-48','SVC-DATASET-PROVIDER-48','DH-DATASERVICE-DATASET-PROVIDER','Y','{Marketplace_User,Service_Admin,System_Admin}','/dataservice/dataset/{datasetId}/searchCondition/{searchConditionId}','PUT','1','Y',now(),NULL,'KETI',NULL);
INSERT INTO apigw.routing_rule(routing_rule_id,name,description,target_service_id,authorization_yn,authorization_role_ids,new_path,method,rule_order,use_yn,creation_time,modification_time,creator_id,modifier_id) VALUES('SVC-DATASET-PROVIDER-49', 'SVC-DATASET-PROVIDER-49','SVC-DATASET-PROVIDER-49','DH-DATASERVICE-DATASET-PROVIDER','Y','{Marketplace_User,Service_Admin,System_Admin}','/dataservice/dataset/{datasetId}/wishlist','POST','1','Y',now(),NULL,'KETI',NULL);
INSERT INTO apigw.routing_rule(routing_rule_id,name,description,target_service_id,authorization_yn,authorization_role_ids,new_path,method,rule_order,use_yn,creation_time,modification_time,creator_id,modifier_id) VALUES('SVC-DATASET-PROVIDER-50', 'SVC-DATASET-PROVIDER-50','SVC-DATASET-PROVIDER-50','DH-DATASERVICE-DATASET-PROVIDER','Y','{Marketplace_User,Service_Admin,System_Admin}','/dataservice/dataset/{datasetId}/wishlist/{wishlistId}','DELETE','1','Y',now(),NULL,'KETI',NULL);
INSERT INTO apigw.routing_rule(routing_rule_id,name,description,target_service_id,authorization_yn,authorization_role_ids,new_path,method,rule_order,use_yn,creation_time,modification_time,creator_id,modifier_id) VALUES('SVC-DATASET-PROVIDER-51', 'SVC-DATASET-PROVIDER-51','SVC-DATASET-PROVIDER-51','DH-DATASERVICE-DATASET-PROVIDER','N','{Marketplace_User,Service_Admin,System_Admin}','/dataservice/datasetAdaptor/{datasetAdapterId}','GET','1','Y',now(),NULL,'KETI',NULL);
INSERT INTO apigw.routing_rule(routing_rule_id,name,description,target_service_id,authorization_yn,authorization_role_ids,new_path,method,rule_order,use_yn,creation_time,modification_time,creator_id,modifier_id) VALUES('SVC-DATASET-PROVIDER-52', 'SVC-DATASET-PROVIDER-52','SVC-DATASET-PROVIDER-52','DH-DATASERVICE-DATASET-PROVIDER','Y','{Marketplace_User,Service_Admin,System_Admin}','/dataservice/dataset/{datasetId}/requestUsage/{requestUsageId}/receptions/{recvId}','PATCH','1','Y',now(),NULL,'KETI',NULL);
INSERT INTO apigw.routing_rule(routing_rule_id,name,description,target_service_id,authorization_yn,authorization_role_ids,new_path,method,rule_order,use_yn,creation_time,modification_time,creator_id,modifier_id) VALUES('SVC-DATASET-PROVIDER-53', 'SVC-DATASET-PROVIDER-53','SVC-DATASET-PROVIDER-53','DH-DATASERVICE-DATASET-PROVIDER','N','{Marketplace_User,Service_Admin,System_Admin}','/dataservice/dataset/{datasetId}/attachFiles','GET','1','Y',now(),NULL,'KETI',NULL);
INSERT INTO apigw.routing_rule(routing_rule_id,name,description,target_service_id,authorization_yn,authorization_role_ids,new_path,method,rule_order,use_yn,creation_time,modification_time,creator_id,modifier_id) VALUES('SVC-DATASET-PROVIDER-54', 'SVC-DATASET-PROVIDER-54','SVC-DATASET-PROVIDER-54','DH-DATASERVICE-DATASET-PROVIDER','Y','{Marketplace_User,Service_Admin,System_Admin}','/dataservice/dataset/{datasetId}/pricePolicies/{priceId}/price','POST','1','Y',now(),NULL,'KETI',NULL);
INSERT INTO apigw.routing_rule(routing_rule_id,name,description,target_service_id,authorization_yn,authorization_role_ids,new_path,method,rule_order,use_yn,creation_time,modification_time,creator_id,modifier_id) VALUES('SVC-DATASET-PROVIDER-55', 'SVC-DATASET-PROVIDER-55','SVC-DATASET-PROVIDER-55','DH-DATASERVICE-DATASET-PROVIDER','Y','{Marketplace_User,Service_Admin,System_Admin}','/dataservice/dataset/{datasetId}/pricePolicies/{priceId}/price/{periodId}','DELETE','1','Y',now(),NULL,'KETI',NULL);
INSERT INTO apigw.routing_rule(routing_rule_id,name,description,target_service_id,authorization_yn,authorization_role_ids,new_path,method,rule_order,use_yn,creation_time,modification_time,creator_id,modifier_id) VALUES('SVC-DATASET-PROVIDER-56', 'SVC-DATASET-PROVIDER-56','SVC-DATASET-PROVIDER-56','DH-DATASERVICE-DATASET-PROVIDER','N','{Marketplace_User,Service_Admin,System_Admin}','/dataservice/dataset/{datasetId}/pricePolicies/{priceId}/price','GET','1','Y',now(),NULL,'KETI',NULL);
INSERT INTO apigw.routing_rule(routing_rule_id,name,description,target_service_id,authorization_yn,authorization_role_ids,new_path,method,rule_order,use_yn,creation_time,modification_time,creator_id,modifier_id) VALUES('SVC-DATASET-PROVIDER-57', 'SVC-DATASET-PROVIDER-57','SVC-DATASET-PROVIDER-57','DH-DATASERVICE-DATASET-PROVIDER','N','{Marketplace_User,Service_Admin,System_Admin}','/dataservice/dataset/{datasetId}/requestUsage/{requestUsageId}','GET','1','Y',now(),NULL,'KETI',NULL);
INSERT INTO apigw.routing_rule(routing_rule_id,name,description,target_service_id,authorization_yn,authorization_role_ids,new_path,method,rule_order,use_yn,creation_time,modification_time,creator_id,modifier_id) VALUES('SVC-DATASET-PROVIDER-58', 'SVC-DATASET-PROVIDER-58','SVC-DATASET-PROVIDER-58','DH-DATASERVICE-DATASET-PROVIDER','Y','{Marketplace_User,Service_Admin,System_Admin}','/dataservice/dataset/{datasetId}/requestUsage/{requestUsageId}','PATCH','1','Y',now(),NULL,'KETI',NULL);
INSERT INTO apigw.routing_rule(routing_rule_id,name,description,target_service_id,authorization_yn,authorization_role_ids,new_path,method,rule_order,use_yn,creation_time,modification_time,creator_id,modifier_id) VALUES('SVC-DATASET-PROVIDER-59', 'SVC-DATASET-PROVIDER-59','SVC-DATASET-PROVIDER-59','DH-DATASERVICE-DATASET-PROVIDER','Y','{Marketplace_User,Service_Admin,System_Admin}','/dataservice/dataset/{datasetId}/requestUsage/{requestUsageId}','PUT','1','Y',now(),NULL,'KETI',NULL);
INSERT INTO apigw.routing_rule(routing_rule_id,name,description,target_service_id,authorization_yn,authorization_role_ids,new_path,method,rule_order,use_yn,creation_time,modification_time,creator_id,modifier_id) VALUES('SVC-DATASET-PROVIDER-60', 'SVC-DATASET-PROVIDER-60','SVC-DATASET-PROVIDER-60','DH-DATASERVICE-DATASET-PROVIDER','Y','{Marketplace_User,Service_Admin,System_Admin}','/dataservice/dataset/{datasetId}/requestUsage/{requestUsageId}','DELETE','1','Y',now(),NULL,'KETI',NULL);
INSERT INTO apigw.routing_rule(routing_rule_id,name,description,target_service_id,authorization_yn,authorization_role_ids,new_path,method,rule_order,use_yn,creation_time,modification_time,creator_id,modifier_id) VALUES('SVC-DATASET-PROVIDER-61', 'SVC-DATASET-PROVIDER-61','SVC-DATASET-PROVIDER-61','DH-DATASERVICE-DATASET-PROVIDER','Y','{Marketplace_User,Service_Admin,System_Admin}','/dataservice/dataset/{datasetId}/requestUsage','POST','1','Y',now(),NULL,'KETI',NULL);
INSERT INTO apigw.routing_rule(routing_rule_id,name,description,target_service_id,authorization_yn,authorization_role_ids,new_path,method,rule_order,use_yn,creation_time,modification_time,creator_id,modifier_id) VALUES('SVC-DATASET-PROVIDER-62', 'SVC-DATASET-PROVIDER-62','SVC-DATASET-PROVIDER-62','DH-DATASERVICE-DATASET-PROVIDER','Y','{Marketplace_User,Service_Admin,System_Admin}','/dataservice/dataset/{datasetId}/attachFiles/{fileId}','DELETE','1','Y',now(),NULL,'KETI',NULL);
INSERT INTO apigw.routing_rule(routing_rule_id,name,description,target_service_id,authorization_yn,authorization_role_ids,new_path,method,rule_order,use_yn,creation_time,modification_time,creator_id,modifier_id) VALUES('SVC-DATASET-PROVIDER-63', 'SVC-DATASET-PROVIDER-63','SVC-DATASET-PROVIDER-63','DH-DATASERVICE-DATASET-PROVIDER','N','{Marketplace_User,Service_Admin,System_Admin}','/dataservice/dataset/{datasetId}/inquiry/{inquiryId}','GET','1','Y',now(),NULL,'KETI',NULL);
INSERT INTO apigw.routing_rule(routing_rule_id,name,description,target_service_id,authorization_yn,authorization_role_ids,new_path,method,rule_order,use_yn,creation_time,modification_time,creator_id,modifier_id) VALUES('SVC-DATASET-PROVIDER-64', 'SVC-DATASET-PROVIDER-64','SVC-DATASET-PROVIDER-64','DH-DATASERVICE-DATASET-PROVIDER','N','{Marketplace_User,Service_Admin,System_Admin}','/dataservice/dataset/{datasetId}/sampleData','GET','1','Y',now(),NULL,'KETI',NULL);
INSERT INTO apigw.routing_rule(routing_rule_id,name,description,target_service_id,authorization_yn,authorization_role_ids,new_path,method,rule_order,use_yn,creation_time,modification_time,creator_id,modifier_id) VALUES('SVC-DATASET-PROVIDER-65', 'SVC-DATASET-PROVIDER-65','SVC-DATASET-PROVIDER-65','DH-DATASERVICE-DATASET-PROVIDER','N','{Marketplace_User,Service_Admin,System_Admin}','/dataservice/dataset/{datasetId}/datasetOrigin/{datasetOriginId}','GET','1','Y',now(),NULL,'KETI',NULL);
INSERT INTO apigw.routing_rule(routing_rule_id,name,description,target_service_id,authorization_yn,authorization_role_ids,new_path,method,rule_order,use_yn,creation_time,modification_time,creator_id,modifier_id) VALUES('SVC-DATASET-PROVIDER-66', 'SVC-DATASET-PROVIDER-66','SVC-DATASET-PROVIDER-66','DH-DATASERVICE-DATASET-PROVIDER','N','{Marketplace_User,Service_Admin,System_Admin}','/dataservice/dataset/{datasetId}/requestUsage/{requestUsageId}/payments','GET','1','Y',now(),NULL,'KETI',NULL);
INSERT INTO apigw.routing_rule(routing_rule_id,name,description,target_service_id,authorization_yn,authorization_role_ids,new_path,method,rule_order,use_yn,creation_time,modification_time,creator_id,modifier_id) VALUES('SVC-DATASET-PROVIDER-67', 'SVC-DATASET-PROVIDER-67','SVC-DATASET-PROVIDER-67','DH-DATASERVICE-DATASET-PROVIDER','N','{Marketplace_User,Service_Admin,System_Admin}','/dataservice/dataset/{datasetId}/usageHistory','GET','1','Y',now(),NULL,'KETI',NULL);
INSERT INTO apigw.routing_rule(routing_rule_id,name,description,target_service_id,authorization_yn,authorization_role_ids,new_path,method,rule_order,use_yn,creation_time,modification_time,creator_id,modifier_id) VALUES('SVC-DATASET-PROVIDER-68', 'SVC-DATASET-PROVIDER-68','SVC-DATASET-PROVIDER-68','DH-DATASERVICE-DATASET-PROVIDER','Y','{Marketplace_User,Service_Admin,System_Admin}','/dataservice/dataset/{datasetId}/rating/{ratingId}','PUT','1','Y',now(),NULL,'KETI',NULL);
INSERT INTO apigw.routing_rule(routing_rule_id,name,description,target_service_id,authorization_yn,authorization_role_ids,new_path,method,rule_order,use_yn,creation_time,modification_time,creator_id,modifier_id) VALUES('SVC-DATASET-PROVIDER-69', 'SVC-DATASET-PROVIDER-69','SVC-DATASET-PROVIDER-69','DH-DATASERVICE-DATASET-PROVIDER','N','{Marketplace_User,Service_Admin,System_Admin}','/dataservice/analysisApprovalRequests','GET','1','Y',now(),NULL,'KETI',NULL);
INSERT INTO apigw.routing_rule(routing_rule_id,name,description,target_service_id,authorization_yn,authorization_role_ids,new_path,method,rule_order,use_yn,creation_time,modification_time,creator_id,modifier_id) VALUES('SVC-DATASET-PROVIDER-70', 'SVC-DATASET-PROVIDER-70','SVC-DATASET-PROVIDER-70','DH-DATASERVICE-DATASET-PROVIDER','N','{Marketplace_User,Service_Admin,System_Admin}','/dataservice/dataset/{datasetId}/rating','GET','1','Y',now(),NULL,'KETI',NULL);
INSERT INTO apigw.routing_rule(routing_rule_id,name,description,target_service_id,authorization_yn,authorization_role_ids,new_path,method,rule_order,use_yn,creation_time,modification_time,creator_id,modifier_id) VALUES('SVC-DATASET-PROVIDER-71', 'SVC-DATASET-PROVIDER-71','SVC-DATASET-PROVIDER-71','DH-DATASERVICE-DATASET-PROVIDER','N','{Marketplace_User,Service_Admin,System_Admin}','/dataservice/dataset/{datasetId}/rating/{ratingId}','GET','1','Y',now(),NULL,'KETI',NULL);
INSERT INTO apigw.routing_rule(routing_rule_id,name,description,target_service_id,authorization_yn,authorization_role_ids,new_path,method,rule_order,use_yn,creation_time,modification_time,creator_id,modifier_id) VALUES('SVC-DATASET-PROVIDER-72', 'SVC-DATASET-PROVIDER-72','SVC-DATASET-PROVIDER-72','DH-DATASERVICE-DATASET-PROVIDER','N','{Marketplace_User,Service_Admin,System_Admin}','/dataservice/dataset/{datasetId}/requestUsage/{requestUsageId}/payments/{payId}','GET','1','Y',now(),NULL,'KETI',NULL);
INSERT INTO apigw.routing_rule(routing_rule_id,name,description,target_service_id,authorization_yn,authorization_role_ids,new_path,method,rule_order,use_yn,creation_time,modification_time,creator_id,modifier_id) VALUES('SVC-DATASET-PROVIDER-73', 'SVC-DATASET-PROVIDER-73','SVC-DATASET-PROVIDER-73','DH-DATASERVICE-DATASET-PROVIDER','Y','{Marketplace_User,Service_Admin,System_Admin}','/dataservice/analysisApprovalRequests/{requestId}','PUT','1','Y',now(),NULL,'KETI',NULL);
INSERT INTO apigw.routing_rule(routing_rule_id,name,description,target_service_id,authorization_yn,authorization_role_ids,new_path,method,rule_order,use_yn,creation_time,modification_time,creator_id,modifier_id) VALUES('SVC-DATASET-PROVIDER-74', 'SVC-DATASET-PROVIDER-74','SVC-DATASET-PROVIDER-74','DH-DATASERVICE-DATASET-PROVIDER','Y','{Marketplace_User,Service_Admin,System_Admin}','/dataservice/dataset/{datasetId}/rating','POST','1','Y',now(),NULL,'KETI',NULL);
INSERT INTO apigw.routing_rule(routing_rule_id,name,description,target_service_id,authorization_yn,authorization_role_ids,new_path,method,rule_order,use_yn,creation_time,modification_time,creator_id,modifier_id) VALUES('SVC-DATASET-PROVIDER-75', 'SVC-DATASET-PROVIDER-75','SVC-DATASET-PROVIDER-75','DH-DATASERVICE-DATASET-PROVIDER','Y','{Marketplace_User,Service_Admin,System_Admin}','/dataservice/dataset/{datasetId}/datasetOrigin','POST','1','Y',now(),NULL,'KETI',NULL);
INSERT INTO apigw.routing_rule(routing_rule_id,name,description,target_service_id,authorization_yn,authorization_role_ids,new_path,method,rule_order,use_yn,creation_time,modification_time,creator_id,modifier_id) VALUES('SVC-DATASET-PROVIDER-76', 'SVC-DATASET-PROVIDER-76','SVC-DATASET-PROVIDER-76','DH-DATASERVICE-DATASET-PROVIDER','N','{Marketplace_User,Service_Admin,System_Admin}','/dataservice/dataset/{datasetId}/requestUsage/{requestUsageId}/refunds','GET','1','Y',now(),NULL,'KETI',NULL);
INSERT INTO apigw.routing_rule(routing_rule_id,name,description,target_service_id,authorization_yn,authorization_role_ids,new_path,method,rule_order,use_yn,creation_time,modification_time,creator_id,modifier_id) VALUES('SVC-DATASET-PROVIDER-77', 'SVC-DATASET-PROVIDER-77','SVC-DATASET-PROVIDER-77','DH-DATASERVICE-DATASET-PROVIDER','Y','{Marketplace_User,Service_Admin,System_Admin}','/dataservice/dataset/{datasetId}/requestUsage/{requestUsageId}/refunds','POST','1','Y',now(),NULL,'KETI',NULL);
INSERT INTO apigw.routing_rule(routing_rule_id,name,description,target_service_id,authorization_yn,authorization_role_ids,new_path,method,rule_order,use_yn,creation_time,modification_time,creator_id,modifier_id) VALUES('SVC-DATASET-PROVIDER-78', 'SVC-DATASET-PROVIDER-78','SVC-DATASET-PROVIDER-78','DH-DATASERVICE-DATASET-PROVIDER','N','{Marketplace_User,Service_Admin,System_Admin}','/dataservice/dataset/{datasetId}/pricePolicies/{priceId}/price/{periodId}','GET','1','Y',now(),NULL,'KETI',NULL);
INSERT INTO apigw.routing_rule(routing_rule_id,name,description,target_service_id,authorization_yn,authorization_role_ids,new_path,method,rule_order,use_yn,creation_time,modification_time,creator_id,modifier_id) VALUES('SVC-DATASET-PROVIDER-79', 'SVC-DATASET-PROVIDER-79','SVC-DATASET-PROVIDER-79','DH-DATASERVICE-DATASET-PROVIDER','Y','{Marketplace_User,Service_Admin,System_Admin}','/dataservice/dataset/{datasetId}/requestUsage/{requestUsageId}/payments/{payId}','DELETE','1','Y',now(),NULL,'KETI',NULL);
INSERT INTO apigw.routing_rule(routing_rule_id,name,description,target_service_id,authorization_yn,authorization_role_ids,new_path,method,rule_order,use_yn,creation_time,modification_time,creator_id,modifier_id) VALUES('SVC-DATASET-PROVIDER-80', 'SVC-DATASET-PROVIDER-80','SVC-DATASET-PROVIDER-80','DH-DATASERVICE-DATASET-PROVIDER','Y','{Marketplace_User,Service_Admin,System_Admin}','/dataservice/analysisApprovalRequests/{requestId}','DELETE','1','Y',now(),NULL,'KETI',NULL);
INSERT INTO apigw.routing_rule(routing_rule_id,name,description,target_service_id,authorization_yn,authorization_role_ids,new_path,method,rule_order,use_yn,creation_time,modification_time,creator_id,modifier_id) VALUES('SVC-DATASET-PROVIDER-81', 'SVC-DATASET-PROVIDER-81','SVC-DATASET-PROVIDER-81','DH-DATASERVICE-DATASET-PROVIDER','Y','{Marketplace_User,Service_Admin,System_Admin}','/dataservice/analysisApprovalRequests','POST','1','Y',now(),NULL,'KETI',NULL);
INSERT INTO apigw.routing_rule(routing_rule_id,name,description,target_service_id,authorization_yn,authorization_role_ids,new_path,method,rule_order,use_yn,creation_time,modification_time,creator_id,modifier_id) VALUES('SVC-DATASET-PROVIDER-82', 'SVC-DATASET-PROVIDER-82','SVC-DATASET-PROVIDER-82','DH-DATASERVICE-DATASET-PROVIDER','N','{Marketplace_User,Service_Admin,System_Admin}','/dataservice/analysisApprovalRequests/users/{userId}/dataModel','GET','1','Y',now(),NULL,'KETI',NULL);
INSERT INTO apigw.routing_rule(routing_rule_id,name,description,target_service_id,authorization_yn,authorization_role_ids,new_path,method,rule_order,use_yn,creation_time,modification_time,creator_id,modifier_id) VALUES('SVC-DATASET-PROVIDER-83', 'SVC-DATASET-PROVIDER-83','SVC-DATASET-PROVIDER-83','DH-DATASERVICE-DATASET-PROVIDER','Y','{Marketplace_User,Service_Admin,System_Admin}','/dataservice/dataset/{datasetId}/pricePolicies/{policyId}','DELETE','1','Y',now(),NULL,'KETI',NULL);
INSERT INTO apigw.routing_rule(routing_rule_id,name,description,target_service_id,authorization_yn,authorization_role_ids,new_path,method,rule_order,use_yn,creation_time,modification_time,creator_id,modifier_id) VALUES('SVC-DATASET-PROVIDER-84', 'SVC-DATASET-PROVIDER-84','SVC-DATASET-PROVIDER-84','DH-DATASERVICE-DATASET-PROVIDER','Y','{Marketplace_User,Service_Admin,System_Admin}','/dataservice/dataset/{datasetId}/devices','DELETE','1','Y',now(),NULL,'KETI',NULL);
INSERT INTO apigw.routing_rule(routing_rule_id,name,description,target_service_id,authorization_yn,authorization_role_ids,new_path,method,rule_order,use_yn,creation_time,modification_time,creator_id,modifier_id) VALUES('SVC-DATASET-PROVIDER-85', 'SVC-DATASET-PROVIDER-85','SVC-DATASET-PROVIDER-85','DH-DATASERVICE-DATASET-PROVIDER','N','{Marketplace_User,Service_Admin,System_Admin}','/dataservice/dataset/{datasetId}/pricePolicies','GET','1','Y',now(),NULL,'KETI',NULL);
INSERT INTO apigw.routing_rule(routing_rule_id,name,description,target_service_id,authorization_yn,authorization_role_ids,new_path,method,rule_order,use_yn,creation_time,modification_time,creator_id,modifier_id) VALUES('SVC-DATASET-PROVIDER-86', 'SVC-DATASET-PROVIDER-86','SVC-DATASET-PROVIDER-86','DH-DATASERVICE-DATASET-PROVIDER','Y','{Marketplace_User,Service_Admin,System_Admin}','/dataservice/dataset/{datasetId}/requestUsage/{requestUsageId}/payments','POST','1','Y',now(),NULL,'KETI',NULL);
INSERT INTO apigw.routing_rule(routing_rule_id,name,description,target_service_id,authorization_yn,authorization_role_ids,new_path,method,rule_order,use_yn,creation_time,modification_time,creator_id,modifier_id) VALUES('SVC-DATASET-PROVIDER-87', 'SVC-DATASET-PROVIDER-87','SVC-DATASET-PROVIDER-87','DH-DATASERVICE-DATASET-PROVIDER','Y','{Marketplace_User,Service_Admin,System_Admin}','/dataservice/dataset/{datasetId}/requestUsage/{requestUsageId}/refunds/{refundId}','DELETE','1','Y',now(),NULL,'KETI',NULL);
INSERT INTO apigw.routing_rule(routing_rule_id,name,description,target_service_id,authorization_yn,authorization_role_ids,new_path,method,rule_order,use_yn,creation_time,modification_time,creator_id,modifier_id) VALUES('SVC-DATASET-PROVIDER-88', 'SVC-DATASET-PROVIDER-88','SVC-DATASET-PROVIDER-88','DH-DATASERVICE-DATASET-PROVIDER','N','{Marketplace_User,Service_Admin,System_Admin}','/dataservice/analysisApprovalRequests/{requestId}','GET','1','Y',now(),NULL,'KETI',NULL);
INSERT INTO apigw.routing_rule(routing_rule_id,name,description,target_service_id,authorization_yn,authorization_role_ids,new_path,method,rule_order,use_yn,creation_time,modification_time,creator_id,modifier_id) VALUES('SVC-DATASET-PROVIDER-89', 'SVC-DATASET-PROVIDER-89','SVC-DATASET-PROVIDER-89','DH-DATASERVICE-DATASET-PROVIDER','Y','{Marketplace_User,Service_Admin,System_Admin}','/dataservice/dataset/{datasetId}/pricePolicies','POST','1','Y',now(),NULL,'KETI',NULL);
INSERT INTO apigw.routing_rule(routing_rule_id,name,description,target_service_id,authorization_yn,authorization_role_ids,new_path,method,rule_order,use_yn,creation_time,modification_time,creator_id,modifier_id) VALUES('SVC-DATASET-PROVIDER-90', 'SVC-DATASET-PROVIDER-90','SVC-DATASET-PROVIDER-90','DH-DATASERVICE-DATASET-PROVIDER','N','{Marketplace_User,Service_Admin,System_Admin}','/dataservice/analysisApprovalRequests/{requestId}/dataModel','GET','1','Y',now(),NULL,'KETI',NULL);
INSERT INTO apigw.routing_rule(routing_rule_id,name,description,target_service_id,authorization_yn,authorization_role_ids,new_path,method,rule_order,use_yn,creation_time,modification_time,creator_id,modifier_id) VALUES('SVC-DATASET-PROVIDER-91', 'SVC-DATASET-PROVIDER-91','SVC-DATASET-PROVIDER-91','DH-DATASERVICE-DATASET-PROVIDER','Y','{Marketplace_User,Service_Admin,System_Admin}','/dataservice/dataset/{datasetId}/rating/{ratingId}','DELETE','1','Y',now(),NULL,'KETI',NULL);
INSERT INTO apigw.routing_rule(routing_rule_id,name,description,target_service_id,authorization_yn,authorization_role_ids,new_path,method,rule_order,use_yn,creation_time,modification_time,creator_id,modifier_id) VALUES('SVC-DATASET-PROVIDER-92', 'SVC-DATASET-PROVIDER-92','SVC-DATASET-PROVIDER-92','DH-DATASERVICE-DATASET-PROVIDER','N','{Marketplace_User,Service_Admin,System_Admin}','/dataservice/dataset/{datasetId}/devices','GET','1','Y',now(),NULL,'KETI',NULL);
INSERT INTO apigw.routing_rule(routing_rule_id,name,description,target_service_id,authorization_yn,authorization_role_ids,new_path,method,rule_order,use_yn,creation_time,modification_time,creator_id,modifier_id) VALUES('SVC-DATASET-PROVIDER-93', 'SVC-DATASET-PROVIDER-93','SVC-DATASET-PROVIDER-93','DH-DATASERVICE-DATASET-PROVIDER','Y','{Marketplace_User,Service_Admin,System_Admin}','/dataservice/dataset/{datasetId}/requestUsage/{requestUsageId}/receptions/{recvId}','DELETE','1','Y',now(),NULL,'KETI',NULL);
INSERT INTO apigw.routing_rule(routing_rule_id,name,description,target_service_id,authorization_yn,authorization_role_ids,new_path,method,rule_order,use_yn,creation_time,modification_time,creator_id,modifier_id) VALUES('SVC-DATASET-PROVIDER-94', 'SVC-DATASET-PROVIDER-94','SVC-DATASET-PROVIDER-94','DH-DATASERVICE-DATASET-PROVIDER','Y','{Marketplace_User,Service_Admin,System_Admin}','/dataservice/dataset/{datasetId}/requestUsage/{requestUsageId}/payments/{payId}','PATCH','1','Y',now(),NULL,'KETI',NULL);
INSERT INTO apigw.routing_rule(routing_rule_id,name,description,target_service_id,authorization_yn,authorization_role_ids,new_path,method,rule_order,use_yn,creation_time,modification_time,creator_id,modifier_id) VALUES('SVC-DATASET-PROVIDER-95', 'SVC-DATASET-PROVIDER-95','SVC-DATASET-PROVIDER-95','DH-DATASERVICE-DATASET-PROVIDER','Y','{Marketplace_User,Service_Admin,System_Admin}','/dataservice/dataset/{datasetId}/devices','POST','1','Y',now(),NULL,'KETI',NULL);
INSERT INTO apigw.routing_rule(routing_rule_id,name,description,target_service_id,authorization_yn,authorization_role_ids,new_path,method,rule_order,use_yn,creation_time,modification_time,creator_id,modifier_id) VALUES('SVC-DATASET-PROVIDER-96', 'SVC-DATASET-PROVIDER-96','SVC-DATASET-PROVIDER-96','DH-DATASERVICE-DATASET-PROVIDER','Y','{Marketplace_User,Service_Admin,System_Admin}','/dataservice/dataset/{datasetId}/requestUsage/{requestUsageId}/refunds/{refundId}','PATCH','1','Y',now(),NULL,'KETI',NULL);
INSERT INTO apigw.routing_rule(routing_rule_id,name,description,target_service_id,authorization_yn,authorization_role_ids,new_path,method,rule_order,use_yn,creation_time,modification_time,creator_id,modifier_id) VALUES('SVC-DATASET-PROVIDER-97', 'SVC-DATASET-PROVIDER-97','SVC-DATASET-PROVIDER-97','DH-DATASERVICE-DATASET-PROVIDER','Y','{Marketplace_User,Service_Admin,System_Admin}','/dataservice/dataset/{datasetId}/datasetOrigin/{datasetOriginId}','DELETE','1','Y',now(),NULL,'KETI',NULL);
INSERT INTO apigw.routing_rule(routing_rule_id,name,description,target_service_id,authorization_yn,authorization_role_ids,new_path,method,rule_order,use_yn,creation_time,modification_time,creator_id,modifier_id) VALUES('SVC-DATASET-PROVIDER-98', 'SVC-DATASET-PROVIDER-98','SVC-DATASET-PROVIDER-98','DH-DATASERVICE-DATASET-PROVIDER','Y','{Marketplace_User,Service_Admin,System_Admin}','/dataservice/analysisApprovalRequests/{requestId}/dataModel','POST','1','Y',now(),NULL,'KETI',NULL);
INSERT INTO apigw.routing_rule(routing_rule_id,name,description,target_service_id,authorization_yn,authorization_role_ids,new_path,method,rule_order,use_yn,creation_time,modification_time,creator_id,modifier_id) VALUES('SVC-DATASET-PROVIDER-99', 'SVC-DATASET-PROVIDER-99','SVC-DATASET-PROVIDER-99','DH-DATASERVICE-DATASET-PROVIDER','Y','{Marketplace_User,Service_Admin,System_Admin}','/subscription/{datasetId} ','POST','1','Y',now(),NULL,'KETI',NULL);
INSERT INTO apigw.routing_rule(routing_rule_id,name,description,target_service_id,authorization_yn,authorization_role_ids,new_path,method,rule_order,use_yn,creation_time,modification_time,creator_id,modifier_id) VALUES('SVC-DATASET-PROVIDER-100', 'SVC-DATASET-PROVIDER-100','SVC-DATASET-PROVIDER-100','DH-DATASERVICE-DATASET-PROVIDER','Y','{Marketplace_User,Service_Admin,System_Admin}','/dataservice/analysisApprovalRequests/{requestId}/dataModel/{modelId}','DELETE','1','Y',now(),NULL,'KETI',NULL);
INSERT INTO apigw.routing_rule(routing_rule_id,name,description,target_service_id,authorization_yn,authorization_role_ids,new_path,method,rule_order,use_yn,creation_time,modification_time,creator_id,modifier_id) VALUES('SVC-DATASET-PROVIDER-101', 'SVC-DATASET-PROVIDER-101','SVC-DATASET-PROVIDER-101','DH-DATASERVICE-DATASET-PROVIDER','N','{Marketplace_User,Service_Admin,System_Admin}','/dataservice/dataset/{datasetId}/requestUsage/{requestUsageId}/refunds/{refundId}','GET','1','Y',now(),NULL,'KETI',NULL);
INSERT INTO apigw.routing_rule(routing_rule_id,name,description,target_service_id,authorization_yn,authorization_role_ids,new_path,method,rule_order,use_yn,creation_time,modification_time,creator_id,modifier_id) VALUES('SVC-DATASET-PROVIDER-102', 'SVC-DATASET-PROVIDER-102','SVC-DATASET-PROVIDER-102','DH-DATASERVICE-DATASET-PROVIDER','N','{Marketplace_User,Service_Admin,System_Admin}','/dataservice/analysisApprovalRequests/{requestId}/dataModel/{modelId}','GET','1','Y',now(),NULL,'KETI',NULL);
INSERT INTO apigw.routing_rule(routing_rule_id,name,description,target_service_id,authorization_yn,authorization_role_ids,new_path,method,rule_order,use_yn,creation_time,modification_time,creator_id,modifier_id) VALUES('SVC-DATASET-PROVIDER-103', 'SVC-DATASET-PROVIDER-103','SVC-DATASET-PROVIDER-103','DH-DATASERVICE-DATASET-PROVIDER','Y','{Marketplace_User,Service_Admin,System_Admin}','/notification/{datasetId}','POST','1','Y',now(),NULL,'KETI',NULL);
INSERT INTO apigw.routing_rule(routing_rule_id,name,description,target_service_id,authorization_yn,authorization_role_ids,new_path,method,rule_order,use_yn,creation_time,modification_time,creator_id,modifier_id) VALUES('SVC-DATASET-PROVIDER-104', 'SVC-DATASET-PROVIDER-104','SVC-DATASET-PROVIDER-104','DH-DATASERVICE-DATASET-PROVIDER','Y','{Marketplace_User,Service_Admin,System_Admin}','/subscriptionRegister/{datasetId}','POST','1','Y',now(),NULL,'KETI',NULL);
INSERT INTO apigw.routing_rule(routing_rule_id,name,description,target_service_id,authorization_yn,authorization_role_ids,new_path,method,rule_order,use_yn,creation_time,modification_time,creator_id,modifier_id) VALUES('SVC-DATASET-PROVIDER-105', 'SVC-DATASET-PROVIDER-105','SVC-DATASET-PROVIDER-105','DH-DATASERVICE-DATASET-PROVIDER','N','{Marketplace_User,Service_Admin,System_Admin}','/integrated/dataset','GET','1','Y',now(),NULL,'KETI',NULL);
INSERT INTO apigw.routing_rule(routing_rule_id,name,description,target_service_id,authorization_yn,authorization_role_ids,new_path,method,rule_order,use_yn,creation_time,modification_time,creator_id,modifier_id) VALUES('SVC-DATASET-PROVIDER-106', 'SVC-DATASET-PROVIDER-106','SVC-DATASET-PROVIDER-106','DH-DATASERVICE-DATASET-PROVIDER','N','{Marketplace_User,Service_Admin,System_Admin}','/integrated/dataset/{datasetId}','GET','1','Y',now(),NULL,'KETI',NULL);
INSERT INTO apigw.routing_rule(routing_rule_id,name,description,target_service_id,authorization_yn,authorization_role_ids,new_path,method,rule_order,use_yn,creation_time,modification_time,creator_id,modifier_id) VALUES('SVC-DATASET-PROVIDER-107', 'SVC-DATASET-PROVIDER-107','SVC-DATASET-PROVIDER-107','DH-DATASERVICE-DATASET-PROVIDER','Y','{Marketplace_User,Service_Admin,System_Admin}','/integrated/dataset','POST','1','Y',now(),NULL,'KETI',NULL);
INSERT INTO apigw.routing_rule(routing_rule_id,name,description,target_service_id,authorization_yn,authorization_role_ids,new_path,method,rule_order,use_yn,creation_time,modification_time,creator_id,modifier_id) VALUES('SVC-DATASET-PROVIDER-108', 'SVC-DATASET-PROVIDER-108','SVC-DATASET-PROVIDER-108','DH-DATASERVICE-DATASET-PROVIDER','Y','{Marketplace_User,Service_Admin,System_Admin}','/integrated/dataset/{datasetId}','POST','1','Y',now(),NULL,'KETI',NULL);
INSERT INTO apigw.routing_rule(routing_rule_id,name,description,target_service_id,authorization_yn,authorization_role_ids,new_path,method,rule_order,use_yn,creation_time,modification_time,creator_id,modifier_id) VALUES('SVC-DATASET-PROVIDER-109', 'SVC-DATASET-PROVIDER-109','SVC-DATASET-PROVIDER-109','DH-DATASERVICE-DATASET-PROVIDER','N','{Marketplace_User,Service_Admin,System_Admin}','/integrated/datasetWishlist','GET','1','Y',now(),NULL,'KETI',NULL);
INSERT INTO apigw.routing_rule(routing_rule_id,name,description,target_service_id,authorization_yn,authorization_role_ids,new_path,method,rule_order,use_yn,creation_time,modification_time,creator_id,modifier_id) VALUES('SVC-DATASET-PROVIDER-110', 'SVC-DATASET-PROVIDER-110','SVC-DATASET-PROVIDER-110','DH-DATASERVICE-DATASET-PROVIDER','N','{Marketplace_User,Service_Admin,System_Admin}','/integrated/datasetApplications','GET','1','Y',now(),NULL,'KETI',NULL);
INSERT INTO apigw.routing_rule(routing_rule_id,name,description,target_service_id,authorization_yn,authorization_role_ids,new_path,method,rule_order,use_yn,creation_time,modification_time,creator_id,modifier_id) VALUES('SVC-DATASET-PROVIDER-111', 'SVC-DATASET-PROVIDER-111','SVC-DATASET-PROVIDER-111','DH-DATASERVICE-DATASET-PROVIDER','N','{Marketplace_User,Service_Admin,System_Admin}','/integrated/datasetUsageRefundsProvider','GET','1','Y',now(),NULL,'KETI',NULL);
INSERT INTO apigw.routing_rule(routing_rule_id,name,description,target_service_id,authorization_yn,authorization_role_ids,new_path,method,rule_order,use_yn,creation_time,modification_time,creator_id,modifier_id) VALUES('SVC-DATASET-PROVIDER-112', 'SVC-DATASET-PROVIDER-112','SVC-DATASET-PROVIDER-112','DH-DATASERVICE-DATASET-PROVIDER','N','{Marketplace_User,Service_Admin,System_Admin}','/integrated/dataset/count','GET','1','Y',now(),NULL,'KETI',NULL);
INSERT INTO apigw.routing_rule(routing_rule_id,name,description,target_service_id,authorization_yn,authorization_role_ids,new_path,method,rule_order,use_yn,creation_time,modification_time,creator_id,modifier_id) VALUES('SVC-DATASET-PROVIDER-113', 'SVC-DATASET-PROVIDER-113','SVC-DATASET-PROVIDER-113','DH-DATASERVICE-DATASET-PROVIDER','N','{Marketplace_User,Service_Admin,System_Admin}','/integrated/datasetByCategory/count','GET','1','Y',now(),NULL,'KETI',NULL);
INSERT INTO apigw.routing_rule(routing_rule_id,name,description,target_service_id,authorization_yn,authorization_role_ids,new_path,method,rule_order,use_yn,creation_time,modification_time,creator_id,modifier_id) VALUES('SVC-DATASET-PROVIDER-114', 'SVC-DATASET-PROVIDER-114','SVC-DATASET-PROVIDER-114','DH-DATASERVICE-DATASET-PROVIDER','N','{Marketplace_User,Service_Admin,System_Admin}','/integrated/datasetUsageRefundsUser','GET','1','Y',now(),NULL,'KETI',NULL);
INSERT INTO apigw.routing_rule(routing_rule_id,name,description,target_service_id,authorization_yn,authorization_role_ids,new_path,method,rule_order,use_yn,creation_time,modification_time,creator_id,modifier_id) VALUES('SVC-DATASET-PROVIDER-115', 'SVC-DATASET-PROVIDER-115','SVC-DATASET-PROVIDER-115','DH-DATASERVICE-DATASET-PROVIDER','N','{Marketplace_User,Service_Admin,System_Admin}','/dataservice/pricePolicies/{policyId}','GET','1','Y',now(),NULL,'KETI',NULL);
INSERT INTO apigw.routing_rule(routing_rule_id,name,description,target_service_id,authorization_yn,authorization_role_ids,new_path,method,rule_order,use_yn,creation_time,modification_time,creator_id,modifier_id) VALUES('SVC-DATASET-PROVIDER-116', 'SVC-DATASET-PROVIDER-116','SVC-DATASET-PROVIDER-116','DH-DATASERVICE-DATASET-PROVIDER','Y','{Marketplace_User,Service_Admin,System_Admin}','/dataservice/pricePolicies/{policyId}','PATCH','1','Y',now(),NULL,'KETI',NULL);
INSERT INTO apigw.routing_rule(routing_rule_id,name,description,target_service_id,authorization_yn,authorization_role_ids,new_path,method,rule_order,use_yn,creation_time,modification_time,creator_id,modifier_id) VALUES('SVC-DATASET-PROVIDER-117', 'SVC-DATASET-PROVIDER-117','SVC-DATASET-PROVIDER-117','DH-DATASERVICE-DATASET-PROVIDER','N','{Marketplace_User,Service_Admin,System_Admin}','/dataservice/pricePolicies/{policyId}/period','GET','1','Y',now(),NULL,'KETI',NULL);
INSERT INTO apigw.routing_rule(routing_rule_id,name,description,target_service_id,authorization_yn,authorization_role_ids,new_path,method,rule_order,use_yn,creation_time,modification_time,creator_id,modifier_id) VALUES('SVC-DATASET-PROVIDER-118', 'SVC-DATASET-PROVIDER-118','SVC-DATASET-PROVIDER-118','DH-DATASERVICE-DATASET-PROVIDER','N','{Marketplace_User,Service_Admin,System_Admin}','/dataservice/pricePolicies','GET','1','Y',now(),NULL,'KETI',NULL);
INSERT INTO apigw.routing_rule(routing_rule_id,name,description,target_service_id,authorization_yn,authorization_role_ids,new_path,method,rule_order,use_yn,creation_time,modification_time,creator_id,modifier_id) VALUES('SVC-DATASET-PROVIDER-119', 'SVC-DATASET-PROVIDER-119','SVC-DATASET-PROVIDER-119','DH-DATASERVICE-DATASET-PROVIDER','Y','{Marketplace_User,Service_Admin,System_Admin}','/dataservice/pricePolicies/{policyId}','DELETE','1','Y',now(),NULL,'KETI',NULL);
INSERT INTO apigw.routing_rule(routing_rule_id,name,description,target_service_id,authorization_yn,authorization_role_ids,new_path,method,rule_order,use_yn,creation_time,modification_time,creator_id,modifier_id) VALUES('SVC-DATASET-PROVIDER-120', 'SVC-DATASET-PROVIDER-120','SVC-DATASET-PROVIDER-120','DH-DATASERVICE-DATASET-PROVIDER','Y','{Marketplace_User,Service_Admin,System_Admin}','/dataservice/pricePolicies','POST','1','Y',now(),NULL,'KETI',NULL);
INSERT INTO apigw.routing_rule(routing_rule_id,name,description,target_service_id,authorization_yn,authorization_role_ids,new_path,method,rule_order,use_yn,creation_time,modification_time,creator_id,modifier_id) VALUES('SVC-DATASET-PROVIDER-121', 'SVC-DATASET-PROVIDER-121','SVC-DATASET-PROVIDER-121','DH-DATASERVICE-DATASET-PROVIDER','Y','{Marketplace_User,Service_Admin,System_Admin}','/dataservice/pricePolicies/{policyId}/period','POST','1','Y',now(),NULL,'KETI',NULL);
INSERT INTO apigw.routing_rule(routing_rule_id,name,description,target_service_id,authorization_yn,authorization_role_ids,new_path,method,rule_order,use_yn,creation_time,modification_time,creator_id,modifier_id) VALUES('SVC-DATASET-PROVIDER-122', 'SVC-DATASET-PROVIDER-122','SVC-DATASET-PROVIDER-122','DH-DATASERVICE-DATASET-PROVIDER','Y','{Marketplace_User,Service_Admin,System_Admin}','/dataservice/pricePolicies/{policyId}/period/{periodId}','DELETE','1','Y',now(),NULL,'KETI',NULL);

-- API Endpoint 등록 (외부->API-GW)
INSERT INTO apigw.routing_rule_detail(routing_rule_id,routing_rule_detail_sequence,attribute_value,type,attribute_name,attribute_operation,logical_operation) VALUES('SVC-PORTAL-01', 1,'/dataserviceUi/upload','000','','000',NULL);
INSERT INTO apigw.routing_rule_detail(routing_rule_id,routing_rule_detail_sequence,attribute_value,type,attribute_name,attribute_operation,logical_operation) VALUES('SVC-PORTAL-02', 1,'/dataserviceUi/attachFiles/{menu}/{oid}','000','','000',NULL);
INSERT INTO apigw.routing_rule_detail(routing_rule_id,routing_rule_detail_sequence,attribute_value,type,attribute_name,attribute_operation,logical_operation) VALUES('SVC-PORTAL-03', 1,'/dataserviceUi/permissionGroup/{authgroupOid}','000','','000',NULL);
INSERT INTO apigw.routing_rule_detail(routing_rule_id,routing_rule_detail_sequence,attribute_value,type,attribute_name,attribute_operation,logical_operation) VALUES('SVC-PORTAL-04', 1,'/dataserviceUi/permissionGroup','000','','000',NULL);
INSERT INTO apigw.routing_rule_detail(routing_rule_id,routing_rule_detail_sequence,attribute_value,type,attribute_name,attribute_operation,logical_operation) VALUES('SVC-PORTAL-05', 1,'/dataserviceUi/permissionGroup','000','','000',NULL);
INSERT INTO apigw.routing_rule_detail(routing_rule_id,routing_rule_detail_sequence,attribute_value,type,attribute_name,attribute_operation,logical_operation) VALUES('SVC-PORTAL-06', 1,'/dataserviceUi/permissionGroup/{authgroupOid}','000','','000',NULL);
INSERT INTO apigw.routing_rule_detail(routing_rule_id,routing_rule_detail_sequence,attribute_value,type,attribute_name,attribute_operation,logical_operation) VALUES('SVC-PORTAL-07', 1,'/dataserviceUi/permissionGroup/{authgroupOid}','000','','000',NULL);
INSERT INTO apigw.routing_rule_detail(routing_rule_id,routing_rule_detail_sequence,attribute_value,type,attribute_name,attribute_operation,logical_operation) VALUES('SVC-PORTAL-08', 1,'/dataserviceUi/permissionGroup/{authgroupOid}/contact','000','','000',NULL);
INSERT INTO apigw.routing_rule_detail(routing_rule_id,routing_rule_detail_sequence,attribute_value,type,attribute_name,attribute_operation,logical_operation) VALUES('SVC-PORTAL-09', 1,'/dataserviceUi/permissionGroup/{authgroupOid}/contact','000','','000',NULL);
INSERT INTO apigw.routing_rule_detail(routing_rule_id,routing_rule_detail_sequence,attribute_value,type,attribute_name,attribute_operation,logical_operation) VALUES('SVC-PORTAL-10', 1,'/dataserviceUi/permissionGroup/{authgroupOid}/menu','000','','000',NULL);
INSERT INTO apigw.routing_rule_detail(routing_rule_id,routing_rule_detail_sequence,attribute_value,type,attribute_name,attribute_operation,logical_operation) VALUES('SVC-PORTAL-11', 1,'/dataserviceUi/permissionGroup/{authgroupOid}/menu','000','','000',NULL);
INSERT INTO apigw.routing_rule_detail(routing_rule_id,routing_rule_detail_sequence,attribute_value,type,attribute_name,attribute_operation,logical_operation) VALUES('SVC-PORTAL-12', 1,'/dataservice/codeGroup/{codeGroupId}','000','','000',NULL);
INSERT INTO apigw.routing_rule_detail(routing_rule_id,routing_rule_detail_sequence,attribute_value,type,attribute_name,attribute_operation,logical_operation) VALUES('SVC-PORTAL-13', 1,'/dataservice/codeGroup','000','','000',NULL);
INSERT INTO apigw.routing_rule_detail(routing_rule_id,routing_rule_detail_sequence,attribute_value,type,attribute_name,attribute_operation,logical_operation) VALUES('SVC-PORTAL-14', 1,'/dataservice/codeGroup/{codeGroupId}','000','','000',NULL);
INSERT INTO apigw.routing_rule_detail(routing_rule_id,routing_rule_detail_sequence,attribute_value,type,attribute_name,attribute_operation,logical_operation) VALUES('SVC-PORTAL-15', 1,'/dataservice/codeGroup','000','','000',NULL);
INSERT INTO apigw.routing_rule_detail(routing_rule_id,routing_rule_detail_sequence,attribute_value,type,attribute_name,attribute_operation,logical_operation) VALUES('SVC-PORTAL-16', 1,'/dataservice/codeGroup/{codeGroupId}/codes/{codeId}','000','','000',NULL);
INSERT INTO apigw.routing_rule_detail(routing_rule_id,routing_rule_detail_sequence,attribute_value,type,attribute_name,attribute_operation,logical_operation) VALUES('SVC-PORTAL-17', 1,'/dataservice/codeGroup/{codeGroupId}/codes','000','','000',NULL);
INSERT INTO apigw.routing_rule_detail(routing_rule_id,routing_rule_detail_sequence,attribute_value,type,attribute_name,attribute_operation,logical_operation) VALUES('SVC-PORTAL-18', 1,'/dataservice/codeGroup/{codeGroupId}/codes','000','','000',NULL);
INSERT INTO apigw.routing_rule_detail(routing_rule_id,routing_rule_detail_sequence,attribute_value,type,attribute_name,attribute_operation,logical_operation) VALUES('SVC-PORTAL-19', 1,'/dataservice/codeGroup/{codeGroupId}/codes/{codeId}','000','','000',NULL);
INSERT INTO apigw.routing_rule_detail(routing_rule_id,routing_rule_detail_sequence,attribute_value,type,attribute_name,attribute_operation,logical_operation) VALUES('SVC-PORTAL-20', 1,'/dataserviceUi/complaints/{datacomplainOid}/attachFiles/{fileId}','000','','000',NULL);
INSERT INTO apigw.routing_rule_detail(routing_rule_id,routing_rule_detail_sequence,attribute_value,type,attribute_name,attribute_operation,logical_operation) VALUES('SVC-PORTAL-21', 1,'/dataserviceUi/complaints/{datacomplainOid}/attachFiles/{fileId}','000','','000',NULL);
INSERT INTO apigw.routing_rule_detail(routing_rule_id,routing_rule_detail_sequence,attribute_value,type,attribute_name,attribute_operation,logical_operation) VALUES('SVC-PORTAL-22', 1,'/dataserviceUi/complaints','000','','000',NULL);
INSERT INTO apigw.routing_rule_detail(routing_rule_id,routing_rule_detail_sequence,attribute_value,type,attribute_name,attribute_operation,logical_operation) VALUES('SVC-PORTAL-23', 1,'/dataserviceUi/complaints/{datacomplainOid}','000','','000',NULL);
INSERT INTO apigw.routing_rule_detail(routing_rule_id,routing_rule_detail_sequence,attribute_value,type,attribute_name,attribute_operation,logical_operation) VALUES('SVC-PORTAL-24', 1,'/dataserviceUi/complaints','000','','000',NULL);
INSERT INTO apigw.routing_rule_detail(routing_rule_id,routing_rule_detail_sequence,attribute_value,type,attribute_name,attribute_operation,logical_operation) VALUES('SVC-PORTAL-25', 1,'/dataserviceUi/complaints/{datacomplainOid}','000','','000',NULL);
INSERT INTO apigw.routing_rule_detail(routing_rule_id,routing_rule_detail_sequence,attribute_value,type,attribute_name,attribute_operation,logical_operation) VALUES('SVC-PORTAL-26', 1,'/dataserviceUi/complaints/{datacomplainOid}','000','','000',NULL);
INSERT INTO apigw.routing_rule_detail(routing_rule_id,routing_rule_detail_sequence,attribute_value,type,attribute_name,attribute_operation,logical_operation) VALUES('SVC-PORTAL-27', 1,'/dataserviceUi/complaints/{datacomplainOid}/attachFiles','000','','000',NULL);
INSERT INTO apigw.routing_rule_detail(routing_rule_id,routing_rule_detail_sequence,attribute_value,type,attribute_name,attribute_operation,logical_operation) VALUES('SVC-PORTAL-28', 1,'/dataserviceUi/complaints/{datacomplainOid}','000','','000',NULL);
INSERT INTO apigw.routing_rule_detail(routing_rule_id,routing_rule_detail_sequence,attribute_value,type,attribute_name,attribute_operation,logical_operation) VALUES('SVC-PORTAL-29', 1,'/dataserviceUi/complaints/{datacomplainOid}/attachFiles','000','','000',NULL);
INSERT INTO apigw.routing_rule_detail(routing_rule_id,routing_rule_detail_sequence,attribute_value,type,attribute_name,attribute_operation,logical_operation) VALUES('SVC-PORTAL-30', 1,'/dataserviceUi/complaints/{datacomplainOid}/attachFiles/{fileId}','000','','000',NULL);
INSERT INTO apigw.routing_rule_detail(routing_rule_id,routing_rule_detail_sequence,attribute_value,type,attribute_name,attribute_operation,logical_operation) VALUES('SVC-PORTAL-31', 1,'/dataserviceUi/faq','000','','000',NULL);
INSERT INTO apigw.routing_rule_detail(routing_rule_id,routing_rule_detail_sequence,attribute_value,type,attribute_name,attribute_operation,logical_operation) VALUES('SVC-PORTAL-32', 1,'/dataserviceUi/faq','000','','000',NULL);
INSERT INTO apigw.routing_rule_detail(routing_rule_id,routing_rule_detail_sequence,attribute_value,type,attribute_name,attribute_operation,logical_operation) VALUES('SVC-PORTAL-33', 1,'/dataserviceUi/faq/{faqOid}/attachFiles','000','','000',NULL);
INSERT INTO apigw.routing_rule_detail(routing_rule_id,routing_rule_detail_sequence,attribute_value,type,attribute_name,attribute_operation,logical_operation) VALUES('SVC-PORTAL-34', 1,'/dataserviceUi/faq/{faqOid}','000','','000',NULL);
INSERT INTO apigw.routing_rule_detail(routing_rule_id,routing_rule_detail_sequence,attribute_value,type,attribute_name,attribute_operation,logical_operation) VALUES('SVC-PORTAL-35', 1,'/dataserviceUi/faq/{faqOid}','000','','000',NULL);
INSERT INTO apigw.routing_rule_detail(routing_rule_id,routing_rule_detail_sequence,attribute_value,type,attribute_name,attribute_operation,logical_operation) VALUES('SVC-PORTAL-36', 1,'/dataserviceUi/faq/{faqOid}/attachFiles','000','','000',NULL);
INSERT INTO apigw.routing_rule_detail(routing_rule_id,routing_rule_detail_sequence,attribute_value,type,attribute_name,attribute_operation,logical_operation) VALUES('SVC-PORTAL-37', 1,'/dataserviceUi/faq/{faqOid}','000','','000',NULL);
INSERT INTO apigw.routing_rule_detail(routing_rule_id,routing_rule_detail_sequence,attribute_value,type,attribute_name,attribute_operation,logical_operation) VALUES('SVC-PORTAL-38', 1,'/dataserviceUi/faq/{faqOid}/attachFiles/{fileId}','000','','000',NULL);
INSERT INTO apigw.routing_rule_detail(routing_rule_id,routing_rule_detail_sequence,attribute_value,type,attribute_name,attribute_operation,logical_operation) VALUES('SVC-PORTAL-39', 1,'/dataserviceUi/faq/{faqOid}/attachFiles/{fileId}','000','','000',NULL);
INSERT INTO apigw.routing_rule_detail(routing_rule_id,routing_rule_detail_sequence,attribute_value,type,attribute_name,attribute_operation,logical_operation) VALUES('SVC-PORTAL-40', 1,'/dataserviceUi/faq/{faqOid}/attachFiles/{fileId}','000','','000',NULL);
INSERT INTO apigw.routing_rule_detail(routing_rule_id,routing_rule_detail_sequence,attribute_value,type,attribute_name,attribute_operation,logical_operation) VALUES('SVC-PORTAL-41', 1,'/dataserviceUi/features','000','','000',NULL);
INSERT INTO apigw.routing_rule_detail(routing_rule_id,routing_rule_detail_sequence,attribute_value,type,attribute_name,attribute_operation,logical_operation) VALUES('SVC-PORTAL-42', 1,'/dataserviceUi/features','000','','000',NULL);
INSERT INTO apigw.routing_rule_detail(routing_rule_id,routing_rule_detail_sequence,attribute_value,type,attribute_name,attribute_operation,logical_operation) VALUES('SVC-PORTAL-43', 1,'/dataserviceUi/menu/{menuOid}','000','','000',NULL);
INSERT INTO apigw.routing_rule_detail(routing_rule_id,routing_rule_detail_sequence,attribute_value,type,attribute_name,attribute_operation,logical_operation) VALUES('SVC-PORTAL-44', 1,'/dataserviceUi/menu','000','','000',NULL);
INSERT INTO apigw.routing_rule_detail(routing_rule_id,routing_rule_detail_sequence,attribute_value,type,attribute_name,attribute_operation,logical_operation) VALUES('SVC-PORTAL-45', 1,'/dataserviceUi/menu/{menuOid}','000','','000',NULL);
INSERT INTO apigw.routing_rule_detail(routing_rule_id,routing_rule_detail_sequence,attribute_value,type,attribute_name,attribute_operation,logical_operation) VALUES('SVC-PORTAL-46', 1,'/dataserviceUi/menu','000','','000',NULL);
INSERT INTO apigw.routing_rule_detail(routing_rule_id,routing_rule_detail_sequence,attribute_value,type,attribute_name,attribute_operation,logical_operation) VALUES('SVC-PORTAL-47', 1,'/dataserviceUi/menu/authMenu','000','','000',NULL);
INSERT INTO apigw.routing_rule_detail(routing_rule_id,routing_rule_detail_sequence,attribute_value,type,attribute_name,attribute_operation,logical_operation) VALUES('SVC-PORTAL-48', 1,'/dataserviceUi/menu/{menuOid}','000','','000',NULL);
INSERT INTO apigw.routing_rule_detail(routing_rule_id,routing_rule_detail_sequence,attribute_value,type,attribute_name,attribute_operation,logical_operation) VALUES('SVC-PORTAL-49', 1,'/dataserviceUi/notices/{noticeOid}','000','','000',NULL);
INSERT INTO apigw.routing_rule_detail(routing_rule_id,routing_rule_detail_sequence,attribute_value,type,attribute_name,attribute_operation,logical_operation) VALUES('SVC-PORTAL-50', 1,'/dataserviceUi/notices/{noticeOid}/attachFiles','000','','000',NULL);
INSERT INTO apigw.routing_rule_detail(routing_rule_id,routing_rule_detail_sequence,attribute_value,type,attribute_name,attribute_operation,logical_operation) VALUES('SVC-PORTAL-51', 1,'/dataserviceUi/notices/{noticeOid}','000','','000',NULL);
INSERT INTO apigw.routing_rule_detail(routing_rule_id,routing_rule_detail_sequence,attribute_value,type,attribute_name,attribute_operation,logical_operation) VALUES('SVC-PORTAL-52', 1,'/dataserviceUi/notices/{noticeOid}/attachFiles/{fileId}','000','','000',NULL);
INSERT INTO apigw.routing_rule_detail(routing_rule_id,routing_rule_detail_sequence,attribute_value,type,attribute_name,attribute_operation,logical_operation) VALUES('SVC-PORTAL-53', 1,'/dataserviceUi/notices/{noticeOid}','000','','000',NULL);
INSERT INTO apigw.routing_rule_detail(routing_rule_id,routing_rule_detail_sequence,attribute_value,type,attribute_name,attribute_operation,logical_operation) VALUES('SVC-PORTAL-54', 1,'/dataserviceUi/notices/{noticeOid}/attachFiles','000','','000',NULL);
INSERT INTO apigw.routing_rule_detail(routing_rule_id,routing_rule_detail_sequence,attribute_value,type,attribute_name,attribute_operation,logical_operation) VALUES('SVC-PORTAL-55', 1,'/dataserviceUi/notices/{noticeOid}/attachFiles/{fileId}','000','','000',NULL);
INSERT INTO apigw.routing_rule_detail(routing_rule_id,routing_rule_detail_sequence,attribute_value,type,attribute_name,attribute_operation,logical_operation) VALUES('SVC-PORTAL-56', 1,'/dataserviceUi/notices','000','','000',NULL);
INSERT INTO apigw.routing_rule_detail(routing_rule_id,routing_rule_detail_sequence,attribute_value,type,attribute_name,attribute_operation,logical_operation) VALUES('SVC-PORTAL-57', 1,'/dataserviceUi/notices','000','','000',NULL);
INSERT INTO apigw.routing_rule_detail(routing_rule_id,routing_rule_detail_sequence,attribute_value,type,attribute_name,attribute_operation,logical_operation) VALUES('SVC-PORTAL-58', 1,'/dataserviceUi/programGroup','000','','000',NULL);
INSERT INTO apigw.routing_rule_detail(routing_rule_id,routing_rule_detail_sequence,attribute_value,type,attribute_name,attribute_operation,logical_operation) VALUES('SVC-PORTAL-59', 1,'/dataserviceUi/programGroup/{programGroupOid}/programs/{programOid}','000','','000',NULL);
INSERT INTO apigw.routing_rule_detail(routing_rule_id,routing_rule_detail_sequence,attribute_value,type,attribute_name,attribute_operation,logical_operation) VALUES('SVC-PORTAL-60', 1,'/dataserviceUi/programGroup/{programGroupOid}/programs','000','','000',NULL);
INSERT INTO apigw.routing_rule_detail(routing_rule_id,routing_rule_detail_sequence,attribute_value,type,attribute_name,attribute_operation,logical_operation) VALUES('SVC-PORTAL-61', 1,'/dataserviceUi/programGroup/{programGroupOid}/programs','000','','000',NULL);
INSERT INTO apigw.routing_rule_detail(routing_rule_id,routing_rule_detail_sequence,attribute_value,type,attribute_name,attribute_operation,logical_operation) VALUES('SVC-PORTAL-62', 1,'/dataserviceUi/programGroup/{programGroupOid}/programs/{programOid}','000','','000',NULL);
INSERT INTO apigw.routing_rule_detail(routing_rule_id,routing_rule_detail_sequence,attribute_value,type,attribute_name,attribute_operation,logical_operation) VALUES('SVC-PORTAL-63', 1,'/dataserviceUi/programGroup/{programGroupOid}/programs/{programOid}','000','','000',NULL);
INSERT INTO apigw.routing_rule_detail(routing_rule_id,routing_rule_detail_sequence,attribute_value,type,attribute_name,attribute_operation,logical_operation) VALUES('SVC-PORTAL-64', 1,'/dataserviceUi/programGroup/{programGroupOid}','000','','000',NULL);
INSERT INTO apigw.routing_rule_detail(routing_rule_id,routing_rule_detail_sequence,attribute_value,type,attribute_name,attribute_operation,logical_operation) VALUES('SVC-PORTAL-65', 1,'/dataserviceUi/programGroup','000','','000',NULL);
INSERT INTO apigw.routing_rule_detail(routing_rule_id,routing_rule_detail_sequence,attribute_value,type,attribute_name,attribute_operation,logical_operation) VALUES('SVC-PORTAL-66', 1,'/dataserviceUi/programGroup/{programGroupOid}','000','','000',NULL);
INSERT INTO apigw.routing_rule_detail(routing_rule_id,routing_rule_detail_sequence,attribute_value,type,attribute_name,attribute_operation,logical_operation) VALUES('SVC-PORTAL-67', 1,'/dataserviceUi/programGroup/{programGroupOid}','000','','000',NULL);
INSERT INTO apigw.routing_rule_detail(routing_rule_id,routing_rule_detail_sequence,attribute_value,type,attribute_name,attribute_operation,logical_operation) VALUES('SVC-PORTAL-68', 1,'/dataserviceUi/qna/{qnaOid}','000','','000',NULL);
INSERT INTO apigw.routing_rule_detail(routing_rule_id,routing_rule_detail_sequence,attribute_value,type,attribute_name,attribute_operation,logical_operation) VALUES('SVC-PORTAL-69', 1,'/dataserviceUi/qna/{qnaOid}/attachFiles','000','','000',NULL);
INSERT INTO apigw.routing_rule_detail(routing_rule_id,routing_rule_detail_sequence,attribute_value,type,attribute_name,attribute_operation,logical_operation) VALUES('SVC-PORTAL-70', 1,'/dataserviceUi/qna/{qnaOid}','000','','000',NULL);
INSERT INTO apigw.routing_rule_detail(routing_rule_id,routing_rule_detail_sequence,attribute_value,type,attribute_name,attribute_operation,logical_operation) VALUES('SVC-PORTAL-71', 1,'/dataserviceUi/qna/{qnaOid}','000','','000',NULL);
INSERT INTO apigw.routing_rule_detail(routing_rule_id,routing_rule_detail_sequence,attribute_value,type,attribute_name,attribute_operation,logical_operation) VALUES('SVC-PORTAL-72', 1,'/dataserviceUi/qna','000','','000',NULL);
INSERT INTO apigw.routing_rule_detail(routing_rule_id,routing_rule_detail_sequence,attribute_value,type,attribute_name,attribute_operation,logical_operation) VALUES('SVC-PORTAL-73', 1,'/dataserviceUi/qna','000','','000',NULL);
INSERT INTO apigw.routing_rule_detail(routing_rule_id,routing_rule_detail_sequence,attribute_value,type,attribute_name,attribute_operation,logical_operation) VALUES('SVC-PORTAL-74', 1,'/dataserviceUi/qna/{qnaOid}','000','','000',NULL);
INSERT INTO apigw.routing_rule_detail(routing_rule_id,routing_rule_detail_sequence,attribute_value,type,attribute_name,attribute_operation,logical_operation) VALUES('SVC-PORTAL-75', 1,'/dataserviceUi/qna/{qnaOid}/attachFiles/{fileId}','000','','000',NULL);
INSERT INTO apigw.routing_rule_detail(routing_rule_id,routing_rule_detail_sequence,attribute_value,type,attribute_name,attribute_operation,logical_operation) VALUES('SVC-PORTAL-76', 1,'/dataserviceUi/qna/{qnaOid}/attachFiles','000','','000',NULL);
INSERT INTO apigw.routing_rule_detail(routing_rule_id,routing_rule_detail_sequence,attribute_value,type,attribute_name,attribute_operation,logical_operation) VALUES('SVC-PORTAL-77', 1,'/dataserviceUi/qna/{qnaOid}/attachFiles/{fileId}','000','','000',NULL);
INSERT INTO apigw.routing_rule_detail(routing_rule_id,routing_rule_detail_sequence,attribute_value,type,attribute_name,attribute_operation,logical_operation) VALUES('SVC-PORTAL-78', 1,'/dataserviceUi/qna/{qnaOid}/attachFiles/{fileId}','000','','000',NULL);
INSERT INTO apigw.routing_rule_detail(routing_rule_id,routing_rule_detail_sequence,attribute_value,type,attribute_name,attribute_operation,logical_operation) VALUES('SVC-PORTAL-79', 1,'/dataserviceUi/review/{reviewOid}/attachFiles/{fileId}','000','','000',NULL);
INSERT INTO apigw.routing_rule_detail(routing_rule_id,routing_rule_detail_sequence,attribute_value,type,attribute_name,attribute_operation,logical_operation) VALUES('SVC-PORTAL-80', 1,'/dataserviceUi/review','000','','000',NULL);
INSERT INTO apigw.routing_rule_detail(routing_rule_id,routing_rule_detail_sequence,attribute_value,type,attribute_name,attribute_operation,logical_operation) VALUES('SVC-PORTAL-81', 1,'/dataserviceUi/review/{reviewOid}','000','','000',NULL);
INSERT INTO apigw.routing_rule_detail(routing_rule_id,routing_rule_detail_sequence,attribute_value,type,attribute_name,attribute_operation,logical_operation) VALUES('SVC-PORTAL-82', 1,'/dataserviceUi/review','000','','000',NULL);
INSERT INTO apigw.routing_rule_detail(routing_rule_id,routing_rule_detail_sequence,attribute_value,type,attribute_name,attribute_operation,logical_operation) VALUES('SVC-PORTAL-83', 1,'/dataserviceUi/review/{reviewOid}/attachFiles/{fileId}','000','','000',NULL);
INSERT INTO apigw.routing_rule_detail(routing_rule_id,routing_rule_detail_sequence,attribute_value,type,attribute_name,attribute_operation,logical_operation) VALUES('SVC-PORTAL-84', 1,'/dataserviceUi/review/{reviewOid}/attachFiles','000','','000',NULL);
INSERT INTO apigw.routing_rule_detail(routing_rule_id,routing_rule_detail_sequence,attribute_value,type,attribute_name,attribute_operation,logical_operation) VALUES('SVC-PORTAL-85', 1,'/dataserviceUi/review/{reviewOid}/attachFiles','000','','000',NULL);
INSERT INTO apigw.routing_rule_detail(routing_rule_id,routing_rule_detail_sequence,attribute_value,type,attribute_name,attribute_operation,logical_operation) VALUES('SVC-PORTAL-86', 1,'/dataserviceUi/review/{reviewOid}/attachFiles/{fileId}','000','','000',NULL);
INSERT INTO apigw.routing_rule_detail(routing_rule_id,routing_rule_detail_sequence,attribute_value,type,attribute_name,attribute_operation,logical_operation) VALUES('SVC-PORTAL-87', 1,'/dataserviceUi/review/{reviewOid}','000','','000',NULL);
INSERT INTO apigw.routing_rule_detail(routing_rule_id,routing_rule_detail_sequence,attribute_value,type,attribute_name,attribute_operation,logical_operation) VALUES('SVC-PORTAL-88', 1,'/dataserviceUi/review/{reviewOid}','000','','000',NULL);
INSERT INTO apigw.routing_rule_detail(routing_rule_id,routing_rule_detail_sequence,attribute_value,type,attribute_name,attribute_operation,logical_operation) VALUES('SVC-DATASET-PROVIDER-01', 1,'/dataserviceUi/datasetCategories/{categoryOid}/image','000','','000',NULL);
INSERT INTO apigw.routing_rule_detail(routing_rule_id,routing_rule_detail_sequence,attribute_value,type,attribute_name,attribute_operation,logical_operation) VALUES('SVC-DATASET-PROVIDER-02', 1,'/dataservice/datasetCategories','000','','000',NULL);
INSERT INTO apigw.routing_rule_detail(routing_rule_id,routing_rule_detail_sequence,attribute_value,type,attribute_name,attribute_operation,logical_operation) VALUES('SVC-DATASET-PROVIDER-03', 1,'/dataservice/datasetCategories','000','','000',NULL);
INSERT INTO apigw.routing_rule_detail(routing_rule_id,routing_rule_detail_sequence,attribute_value,type,attribute_name,attribute_operation,logical_operation) VALUES('SVC-DATASET-PROVIDER-04', 1,'/dataservice/datasetCategories/{categoryOid}','000','','000',NULL);
INSERT INTO apigw.routing_rule_detail(routing_rule_id,routing_rule_detail_sequence,attribute_value,type,attribute_name,attribute_operation,logical_operation) VALUES('SVC-DATASET-PROVIDER-05', 1,'/dataservice/datasetCategories/{categoryOid}','000','','000',NULL);
INSERT INTO apigw.routing_rule_detail(routing_rule_id,routing_rule_detail_sequence,attribute_value,type,attribute_name,attribute_operation,logical_operation) VALUES('SVC-DATASET-PROVIDER-06', 1,'/dataservice/datasetCategories/{categoryOid}','000','','000',NULL);
INSERT INTO apigw.routing_rule_detail(routing_rule_id,routing_rule_detail_sequence,attribute_value,type,attribute_name,attribute_operation,logical_operation) VALUES('SVC-DATASET-PROVIDER-07', 1,'/dataservice/datasetCategories/{categoryOid}','000','','000',NULL);
INSERT INTO apigw.routing_rule_detail(routing_rule_id,routing_rule_detail_sequence,attribute_value,type,attribute_name,attribute_operation,logical_operation) VALUES('SVC-DATASET-PROVIDER-08', 1,'/dataservice/dataset/{datasetId}/file','000','','000',NULL);
INSERT INTO apigw.routing_rule_detail(routing_rule_id,routing_rule_detail_sequence,attribute_value,type,attribute_name,attribute_operation,logical_operation) VALUES('SVC-DATASET-PROVIDER-09', 1,'/dataservice/dataset/{datasetId}/check','000','','000',NULL);
INSERT INTO apigw.routing_rule_detail(routing_rule_id,routing_rule_detail_sequence,attribute_value,type,attribute_name,attribute_operation,logical_operation) VALUES('SVC-DATASET-PROVIDER-10', 1,'/dataservice/dataset/{datasetId}/data','000','','000',NULL);
INSERT INTO apigw.routing_rule_detail(routing_rule_id,routing_rule_detail_sequence,attribute_value,type,attribute_name,attribute_operation,logical_operation) VALUES('SVC-DATASET-PROVIDER-11', 1,'/dataservice/dataset/{datasetId}/attachFiles','000','','000',NULL);
INSERT INTO apigw.routing_rule_detail(routing_rule_id,routing_rule_detail_sequence,attribute_value,type,attribute_name,attribute_operation,logical_operation) VALUES('SVC-DATASET-PROVIDER-12', 1,'/dataservice/dataset/{datasetId}/columns/{columnId}','000','','000',NULL);
INSERT INTO apigw.routing_rule_detail(routing_rule_id,routing_rule_detail_sequence,attribute_value,type,attribute_name,attribute_operation,logical_operation) VALUES('SVC-DATASET-PROVIDER-13', 1,'/dataservice/dataset','000','','000',NULL);
INSERT INTO apigw.routing_rule_detail(routing_rule_id,routing_rule_detail_sequence,attribute_value,type,attribute_name,attribute_operation,logical_operation) VALUES('SVC-DATASET-PROVIDER-14', 1,'/dataservice/dataset','000','','000',NULL);
INSERT INTO apigw.routing_rule_detail(routing_rule_id,routing_rule_detail_sequence,attribute_value,type,attribute_name,attribute_operation,logical_operation) VALUES('SVC-DATASET-PROVIDER-15', 1,'/dataservice/dataset/{datasetId}/instance/{instanceId}','000','','000',NULL);
INSERT INTO apigw.routing_rule_detail(routing_rule_id,routing_rule_detail_sequence,attribute_value,type,attribute_name,attribute_operation,logical_operation) VALUES('SVC-DATASET-PROVIDER-16', 1,'/dataservice/dataset/{datasetId}/searchCondition','000','','000',NULL);
INSERT INTO apigw.routing_rule_detail(routing_rule_id,routing_rule_detail_sequence,attribute_value,type,attribute_name,attribute_operation,logical_operation) VALUES('SVC-DATASET-PROVIDER-17', 1,'/dataservice/dataset/{datasetId}/instance','000','','000',NULL);
INSERT INTO apigw.routing_rule_detail(routing_rule_id,routing_rule_detail_sequence,attribute_value,type,attribute_name,attribute_operation,logical_operation) VALUES('SVC-DATASET-PROVIDER-18', 1,'/dataservice/datasetAdaptor/{datasetAdapterId}/columns/{columnId}','000','','000',NULL);
INSERT INTO apigw.routing_rule_detail(routing_rule_id,routing_rule_detail_sequence,attribute_value,type,attribute_name,attribute_operation,logical_operation) VALUES('SVC-DATASET-PROVIDER-19', 1,'/dataservice/datasetAdaptor/{datasetAdapterId}/columns/{columnId}','000','','000',NULL);
INSERT INTO apigw.routing_rule_detail(routing_rule_id,routing_rule_detail_sequence,attribute_value,type,attribute_name,attribute_operation,logical_operation) VALUES('SVC-DATASET-PROVIDER-20', 1,'/dataservice/dataset/{datasetId}/columns','000','','000',NULL);
INSERT INTO apigw.routing_rule_detail(routing_rule_id,routing_rule_detail_sequence,attribute_value,type,attribute_name,attribute_operation,logical_operation) VALUES('SVC-DATASET-PROVIDER-21', 1,'/dataservice/dataset/{datasetId}/columns/{columnId}','000','','000',NULL);
INSERT INTO apigw.routing_rule_detail(routing_rule_id,routing_rule_detail_sequence,attribute_value,type,attribute_name,attribute_operation,logical_operation) VALUES('SVC-DATASET-PROVIDER-22', 1,'/dataservice/dataset/{datasetId}/columns/{columnId}','000','','000',NULL);
INSERT INTO apigw.routing_rule_detail(routing_rule_id,routing_rule_detail_sequence,attribute_value,type,attribute_name,attribute_operation,logical_operation) VALUES('SVC-DATASET-PROVIDER-23', 1,'/dataservice/dataset/{datasetId}','000','','000',NULL);
INSERT INTO apigw.routing_rule_detail(routing_rule_id,routing_rule_detail_sequence,attribute_value,type,attribute_name,attribute_operation,logical_operation) VALUES('SVC-DATASET-PROVIDER-24', 1,'/dataservice/dataset/{datasetId}','000','','000',NULL);
INSERT INTO apigw.routing_rule_detail(routing_rule_id,routing_rule_detail_sequence,attribute_value,type,attribute_name,attribute_operation,logical_operation) VALUES('SVC-DATASET-PROVIDER-25', 1,'/dataservice/dataset/{datasetId}','000','','000',NULL);
INSERT INTO apigw.routing_rule_detail(routing_rule_id,routing_rule_detail_sequence,attribute_value,type,attribute_name,attribute_operation,logical_operation) VALUES('SVC-DATASET-PROVIDER-26', 1,'/dataservice/dataset/{datasetId}','000','','000',NULL);
INSERT INTO apigw.routing_rule_detail(routing_rule_id,routing_rule_detail_sequence,attribute_value,type,attribute_name,attribute_operation,logical_operation) VALUES('SVC-DATASET-PROVIDER-27', 1,'/dataservice/dataset/{datasetId}/requestUsage/{requestUsageId}/receptions','000','','000',NULL);
INSERT INTO apigw.routing_rule_detail(routing_rule_id,routing_rule_detail_sequence,attribute_value,type,attribute_name,attribute_operation,logical_operation) VALUES('SVC-DATASET-PROVIDER-28', 1,'/dataservice/dataset/{datasetId}/wishlist','000','','000',NULL);
INSERT INTO apigw.routing_rule_detail(routing_rule_id,routing_rule_detail_sequence,attribute_value,type,attribute_name,attribute_operation,logical_operation) VALUES('SVC-DATASET-PROVIDER-29', 1,'/dataservice/dataset/{datasetId}/columns/{columnId}','000','','000',NULL);
INSERT INTO apigw.routing_rule_detail(routing_rule_id,routing_rule_detail_sequence,attribute_value,type,attribute_name,attribute_operation,logical_operation) VALUES('SVC-DATASET-PROVIDER-30', 1,'/dataservice/dataset/{datasetId}/requestUsage','000','','000',NULL);
INSERT INTO apigw.routing_rule_detail(routing_rule_id,routing_rule_detail_sequence,attribute_value,type,attribute_name,attribute_operation,logical_operation) VALUES('SVC-DATASET-PROVIDER-31', 1,'/dataservice/dataset/{datasetId}/requestUsage/{requestUsageId}/receptions','000','','000',NULL);
INSERT INTO apigw.routing_rule_detail(routing_rule_id,routing_rule_detail_sequence,attribute_value,type,attribute_name,attribute_operation,logical_operation) VALUES('SVC-DATASET-PROVIDER-32', 1,'/dataservice/dataset/{datasetId}/inquiry/{inquiryId}','000','','000',NULL);
INSERT INTO apigw.routing_rule_detail(routing_rule_id,routing_rule_detail_sequence,attribute_value,type,attribute_name,attribute_operation,logical_operation) VALUES('SVC-DATASET-PROVIDER-33', 1,'/dataservice/dataset/{datasetId}/inquiry/{inquiryId}','000','','000',NULL);
INSERT INTO apigw.routing_rule_detail(routing_rule_id,routing_rule_detail_sequence,attribute_value,type,attribute_name,attribute_operation,logical_operation) VALUES('SVC-DATASET-PROVIDER-34', 1,'/dataservice/dataset/{datasetId}/inquiry','000','','000',NULL);
INSERT INTO apigw.routing_rule_detail(routing_rule_id,routing_rule_detail_sequence,attribute_value,type,attribute_name,attribute_operation,logical_operation) VALUES('SVC-DATASET-PROVIDER-35', 1,'/dataservice/dataset/{datasetId}/inquiry','000','','000',NULL);
INSERT INTO apigw.routing_rule_detail(routing_rule_id,routing_rule_detail_sequence,attribute_value,type,attribute_name,attribute_operation,logical_operation) VALUES('SVC-DATASET-PROVIDER-36', 1,'/dataservice/dataset/{datasetId}/requestUsage/{requestUsageId}/receptions/{recvId}','000','','000',NULL);
INSERT INTO apigw.routing_rule_detail(routing_rule_id,routing_rule_detail_sequence,attribute_value,type,attribute_name,attribute_operation,logical_operation) VALUES('SVC-DATASET-PROVIDER-37', 1,'/dataservice/dataset/{datasetId}/searchCondition','000','','000',NULL);
INSERT INTO apigw.routing_rule_detail(routing_rule_id,routing_rule_detail_sequence,attribute_value,type,attribute_name,attribute_operation,logical_operation) VALUES('SVC-DATASET-PROVIDER-38', 1,'/dataservice/dataset/{datasetId}/datasetOrigin','000','','000',NULL);
INSERT INTO apigw.routing_rule_detail(routing_rule_id,routing_rule_detail_sequence,attribute_value,type,attribute_name,attribute_operation,logical_operation) VALUES('SVC-DATASET-PROVIDER-39', 1,'/dataservice/dataset/{datasetId}/instance','000','','000',NULL);
INSERT INTO apigw.routing_rule_detail(routing_rule_id,routing_rule_detail_sequence,attribute_value,type,attribute_name,attribute_operation,logical_operation) VALUES('SVC-DATASET-PROVIDER-40', 1,'/dataservice/dataset/{datasetId}/columns','000','','000',NULL);
INSERT INTO apigw.routing_rule_detail(routing_rule_id,routing_rule_detail_sequence,attribute_value,type,attribute_name,attribute_operation,logical_operation) VALUES('SVC-DATASET-PROVIDER-41', 1,'/dataservice/datasetAdaptor','000','','000',NULL);
INSERT INTO apigw.routing_rule_detail(routing_rule_id,routing_rule_detail_sequence,attribute_value,type,attribute_name,attribute_operation,logical_operation) VALUES('SVC-DATASET-PROVIDER-42', 1,'/dataservice/datasetAdaptor/{datasetAdapterId}/columns','000','','000',NULL);
INSERT INTO apigw.routing_rule_detail(routing_rule_id,routing_rule_detail_sequence,attribute_value,type,attribute_name,attribute_operation,logical_operation) VALUES('SVC-DATASET-PROVIDER-43', 1,'/dataservice/datasetAdaptor','000','','000',NULL);
INSERT INTO apigw.routing_rule_detail(routing_rule_id,routing_rule_detail_sequence,attribute_value,type,attribute_name,attribute_operation,logical_operation) VALUES('SVC-DATASET-PROVIDER-44', 1,'/dataservice/datasetAdaptor/{datasetAdapterId}/columns','000','','000',NULL);
INSERT INTO apigw.routing_rule_detail(routing_rule_id,routing_rule_detail_sequence,attribute_value,type,attribute_name,attribute_operation,logical_operation) VALUES('SVC-DATASET-PROVIDER-45', 1,'/dataservice/datasetAdaptor/{datasetAdapterId}/columns/{columnId}','000','','000',NULL);
INSERT INTO apigw.routing_rule_detail(routing_rule_id,routing_rule_detail_sequence,attribute_value,type,attribute_name,attribute_operation,logical_operation) VALUES('SVC-DATASET-PROVIDER-46', 1,'/dataservice/dataset/{datasetId}/attachFiles/{fileId}','000','','000',NULL);
INSERT INTO apigw.routing_rule_detail(routing_rule_id,routing_rule_detail_sequence,attribute_value,type,attribute_name,attribute_operation,logical_operation) VALUES('SVC-DATASET-PROVIDER-47', 1,'/dataservice/dataset/{datasetId}/searchCondition/{searchConditionId}','000','','000',NULL);
INSERT INTO apigw.routing_rule_detail(routing_rule_id,routing_rule_detail_sequence,attribute_value,type,attribute_name,attribute_operation,logical_operation) VALUES('SVC-DATASET-PROVIDER-48', 1,'/dataservice/dataset/{datasetId}/searchCondition/{searchConditionId}','000','','000',NULL);
INSERT INTO apigw.routing_rule_detail(routing_rule_id,routing_rule_detail_sequence,attribute_value,type,attribute_name,attribute_operation,logical_operation) VALUES('SVC-DATASET-PROVIDER-49', 1,'/dataservice/dataset/{datasetId}/wishlist','000','','000',NULL);
INSERT INTO apigw.routing_rule_detail(routing_rule_id,routing_rule_detail_sequence,attribute_value,type,attribute_name,attribute_operation,logical_operation) VALUES('SVC-DATASET-PROVIDER-50', 1,'/dataservice/dataset/{datasetId}/wishlist/{wishlistId}','000','','000',NULL);
INSERT INTO apigw.routing_rule_detail(routing_rule_id,routing_rule_detail_sequence,attribute_value,type,attribute_name,attribute_operation,logical_operation) VALUES('SVC-DATASET-PROVIDER-51', 1,'/dataservice/datasetAdaptor/{datasetAdapterId}','000','','000',NULL);
INSERT INTO apigw.routing_rule_detail(routing_rule_id,routing_rule_detail_sequence,attribute_value,type,attribute_name,attribute_operation,logical_operation) VALUES('SVC-DATASET-PROVIDER-52', 1,'/dataservice/dataset/{datasetId}/requestUsage/{requestUsageId}/receptions/{recvId}','000','','000',NULL);
INSERT INTO apigw.routing_rule_detail(routing_rule_id,routing_rule_detail_sequence,attribute_value,type,attribute_name,attribute_operation,logical_operation) VALUES('SVC-DATASET-PROVIDER-53', 1,'/dataservice/dataset/{datasetId}/attachFiles','000','','000',NULL);
INSERT INTO apigw.routing_rule_detail(routing_rule_id,routing_rule_detail_sequence,attribute_value,type,attribute_name,attribute_operation,logical_operation) VALUES('SVC-DATASET-PROVIDER-54', 1,'/dataservice/dataset/{datasetId}/pricePolicies/{priceId}/price','000','','000',NULL);
INSERT INTO apigw.routing_rule_detail(routing_rule_id,routing_rule_detail_sequence,attribute_value,type,attribute_name,attribute_operation,logical_operation) VALUES('SVC-DATASET-PROVIDER-55', 1,'/dataservice/dataset/{datasetId}/pricePolicies/{priceId}/price/{periodId}','000','','000',NULL);
INSERT INTO apigw.routing_rule_detail(routing_rule_id,routing_rule_detail_sequence,attribute_value,type,attribute_name,attribute_operation,logical_operation) VALUES('SVC-DATASET-PROVIDER-56', 1,'/dataservice/dataset/{datasetId}/pricePolicies/{priceId}/price','000','','000',NULL);
INSERT INTO apigw.routing_rule_detail(routing_rule_id,routing_rule_detail_sequence,attribute_value,type,attribute_name,attribute_operation,logical_operation) VALUES('SVC-DATASET-PROVIDER-57', 1,'/dataservice/dataset/{datasetId}/requestUsage/{requestUsageId}','000','','000',NULL);
INSERT INTO apigw.routing_rule_detail(routing_rule_id,routing_rule_detail_sequence,attribute_value,type,attribute_name,attribute_operation,logical_operation) VALUES('SVC-DATASET-PROVIDER-58', 1,'/dataservice/dataset/{datasetId}/requestUsage/{requestUsageId}','000','','000',NULL);
INSERT INTO apigw.routing_rule_detail(routing_rule_id,routing_rule_detail_sequence,attribute_value,type,attribute_name,attribute_operation,logical_operation) VALUES('SVC-DATASET-PROVIDER-59', 1,'/dataservice/dataset/{datasetId}/requestUsage/{requestUsageId}','000','','000',NULL);
INSERT INTO apigw.routing_rule_detail(routing_rule_id,routing_rule_detail_sequence,attribute_value,type,attribute_name,attribute_operation,logical_operation) VALUES('SVC-DATASET-PROVIDER-60', 1,'/dataservice/dataset/{datasetId}/requestUsage/{requestUsageId}','000','','000',NULL);
INSERT INTO apigw.routing_rule_detail(routing_rule_id,routing_rule_detail_sequence,attribute_value,type,attribute_name,attribute_operation,logical_operation) VALUES('SVC-DATASET-PROVIDER-61', 1,'/dataservice/dataset/{datasetId}/requestUsage','000','','000',NULL);
INSERT INTO apigw.routing_rule_detail(routing_rule_id,routing_rule_detail_sequence,attribute_value,type,attribute_name,attribute_operation,logical_operation) VALUES('SVC-DATASET-PROVIDER-62', 1,'/dataservice/dataset/{datasetId}/attachFiles/{fileId}','000','','000',NULL);
INSERT INTO apigw.routing_rule_detail(routing_rule_id,routing_rule_detail_sequence,attribute_value,type,attribute_name,attribute_operation,logical_operation) VALUES('SVC-DATASET-PROVIDER-63', 1,'/dataservice/dataset/{datasetId}/inquiry/{inquiryId}','000','','000',NULL);
INSERT INTO apigw.routing_rule_detail(routing_rule_id,routing_rule_detail_sequence,attribute_value,type,attribute_name,attribute_operation,logical_operation) VALUES('SVC-DATASET-PROVIDER-64', 1,'/dataservice/dataset/{datasetId}/sampleData','000','','000',NULL);
INSERT INTO apigw.routing_rule_detail(routing_rule_id,routing_rule_detail_sequence,attribute_value,type,attribute_name,attribute_operation,logical_operation) VALUES('SVC-DATASET-PROVIDER-65', 1,'/dataservice/dataset/{datasetId}/datasetOrigin/{datasetOriginId}','000','','000',NULL);
INSERT INTO apigw.routing_rule_detail(routing_rule_id,routing_rule_detail_sequence,attribute_value,type,attribute_name,attribute_operation,logical_operation) VALUES('SVC-DATASET-PROVIDER-66', 1,'/dataservice/dataset/{datasetId}/requestUsage/{requestUsageId}/payments','000','','000',NULL);
INSERT INTO apigw.routing_rule_detail(routing_rule_id,routing_rule_detail_sequence,attribute_value,type,attribute_name,attribute_operation,logical_operation) VALUES('SVC-DATASET-PROVIDER-67', 1,'/dataservice/dataset/{datasetId}/usageHistory','000','','000',NULL);
INSERT INTO apigw.routing_rule_detail(routing_rule_id,routing_rule_detail_sequence,attribute_value,type,attribute_name,attribute_operation,logical_operation) VALUES('SVC-DATASET-PROVIDER-68', 1,'/dataservice/dataset/{datasetId}/rating/{ratingId}','000','','000',NULL);
INSERT INTO apigw.routing_rule_detail(routing_rule_id,routing_rule_detail_sequence,attribute_value,type,attribute_name,attribute_operation,logical_operation) VALUES('SVC-DATASET-PROVIDER-69', 1,'/dataservice/analysisApprovalRequests','000','','000',NULL);
INSERT INTO apigw.routing_rule_detail(routing_rule_id,routing_rule_detail_sequence,attribute_value,type,attribute_name,attribute_operation,logical_operation) VALUES('SVC-DATASET-PROVIDER-70', 1,'/dataservice/dataset/{datasetId}/rating','000','','000',NULL);
INSERT INTO apigw.routing_rule_detail(routing_rule_id,routing_rule_detail_sequence,attribute_value,type,attribute_name,attribute_operation,logical_operation) VALUES('SVC-DATASET-PROVIDER-71', 1,'/dataservice/dataset/{datasetId}/rating/{ratingId}','000','','000',NULL);
INSERT INTO apigw.routing_rule_detail(routing_rule_id,routing_rule_detail_sequence,attribute_value,type,attribute_name,attribute_operation,logical_operation) VALUES('SVC-DATASET-PROVIDER-72', 1,'/dataservice/dataset/{datasetId}/requestUsage/{requestUsageId}/payments/{payId}','000','','000',NULL);
INSERT INTO apigw.routing_rule_detail(routing_rule_id,routing_rule_detail_sequence,attribute_value,type,attribute_name,attribute_operation,logical_operation) VALUES('SVC-DATASET-PROVIDER-73', 1,'/dataservice/analysisApprovalRequests/{requestId}','000','','000',NULL);
INSERT INTO apigw.routing_rule_detail(routing_rule_id,routing_rule_detail_sequence,attribute_value,type,attribute_name,attribute_operation,logical_operation) VALUES('SVC-DATASET-PROVIDER-74', 1,'/dataservice/dataset/{datasetId}/rating','000','','000',NULL);
INSERT INTO apigw.routing_rule_detail(routing_rule_id,routing_rule_detail_sequence,attribute_value,type,attribute_name,attribute_operation,logical_operation) VALUES('SVC-DATASET-PROVIDER-75', 1,'/dataservice/dataset/{datasetId}/datasetOrigin','000','','000',NULL);
INSERT INTO apigw.routing_rule_detail(routing_rule_id,routing_rule_detail_sequence,attribute_value,type,attribute_name,attribute_operation,logical_operation) VALUES('SVC-DATASET-PROVIDER-76', 1,'/dataservice/dataset/{datasetId}/requestUsage/{requestUsageId}/refunds','000','','000',NULL);
INSERT INTO apigw.routing_rule_detail(routing_rule_id,routing_rule_detail_sequence,attribute_value,type,attribute_name,attribute_operation,logical_operation) VALUES('SVC-DATASET-PROVIDER-77', 1,'/dataservice/dataset/{datasetId}/requestUsage/{requestUsageId}/refunds','000','','000',NULL);
INSERT INTO apigw.routing_rule_detail(routing_rule_id,routing_rule_detail_sequence,attribute_value,type,attribute_name,attribute_operation,logical_operation) VALUES('SVC-DATASET-PROVIDER-78', 1,'/dataservice/dataset/{datasetId}/pricePolicies/{priceId}/price/{periodId}','000','','000',NULL);
INSERT INTO apigw.routing_rule_detail(routing_rule_id,routing_rule_detail_sequence,attribute_value,type,attribute_name,attribute_operation,logical_operation) VALUES('SVC-DATASET-PROVIDER-79', 1,'/dataservice/dataset/{datasetId}/requestUsage/{requestUsageId}/payments/{payId}','000','','000',NULL);
INSERT INTO apigw.routing_rule_detail(routing_rule_id,routing_rule_detail_sequence,attribute_value,type,attribute_name,attribute_operation,logical_operation) VALUES('SVC-DATASET-PROVIDER-80', 1,'/dataservice/analysisApprovalRequests/{requestId}','000','','000',NULL);
INSERT INTO apigw.routing_rule_detail(routing_rule_id,routing_rule_detail_sequence,attribute_value,type,attribute_name,attribute_operation,logical_operation) VALUES('SVC-DATASET-PROVIDER-81', 1,'/dataservice/analysisApprovalRequests','000','','000',NULL);
INSERT INTO apigw.routing_rule_detail(routing_rule_id,routing_rule_detail_sequence,attribute_value,type,attribute_name,attribute_operation,logical_operation) VALUES('SVC-DATASET-PROVIDER-82', 1,'/dataservice/analysisApprovalRequests/users/{userId}/dataModel','000','','000',NULL);
INSERT INTO apigw.routing_rule_detail(routing_rule_id,routing_rule_detail_sequence,attribute_value,type,attribute_name,attribute_operation,logical_operation) VALUES('SVC-DATASET-PROVIDER-83', 1,'/dataservice/dataset/{datasetId}/pricePolicies/{policyId}','000','','000',NULL);
INSERT INTO apigw.routing_rule_detail(routing_rule_id,routing_rule_detail_sequence,attribute_value,type,attribute_name,attribute_operation,logical_operation) VALUES('SVC-DATASET-PROVIDER-84', 1,'/dataservice/dataset/{datasetId}/devices','000','','000',NULL);
INSERT INTO apigw.routing_rule_detail(routing_rule_id,routing_rule_detail_sequence,attribute_value,type,attribute_name,attribute_operation,logical_operation) VALUES('SVC-DATASET-PROVIDER-85', 1,'/dataservice/dataset/{datasetId}/pricePolicies','000','','000',NULL);
INSERT INTO apigw.routing_rule_detail(routing_rule_id,routing_rule_detail_sequence,attribute_value,type,attribute_name,attribute_operation,logical_operation) VALUES('SVC-DATASET-PROVIDER-86', 1,'/dataservice/dataset/{datasetId}/requestUsage/{requestUsageId}/payments','000','','000',NULL);
INSERT INTO apigw.routing_rule_detail(routing_rule_id,routing_rule_detail_sequence,attribute_value,type,attribute_name,attribute_operation,logical_operation) VALUES('SVC-DATASET-PROVIDER-87', 1,'/dataservice/dataset/{datasetId}/requestUsage/{requestUsageId}/refunds/{refundId}','000','','000',NULL);
INSERT INTO apigw.routing_rule_detail(routing_rule_id,routing_rule_detail_sequence,attribute_value,type,attribute_name,attribute_operation,logical_operation) VALUES('SVC-DATASET-PROVIDER-88', 1,'/dataservice/analysisApprovalRequests/{requestId}','000','','000',NULL);
INSERT INTO apigw.routing_rule_detail(routing_rule_id,routing_rule_detail_sequence,attribute_value,type,attribute_name,attribute_operation,logical_operation) VALUES('SVC-DATASET-PROVIDER-89', 1,'/dataservice/dataset/{datasetId}/pricePolicies','000','','000',NULL);
INSERT INTO apigw.routing_rule_detail(routing_rule_id,routing_rule_detail_sequence,attribute_value,type,attribute_name,attribute_operation,logical_operation) VALUES('SVC-DATASET-PROVIDER-90', 1,'/dataservice/analysisApprovalRequests/{requestId}/dataModel','000','','000',NULL);
INSERT INTO apigw.routing_rule_detail(routing_rule_id,routing_rule_detail_sequence,attribute_value,type,attribute_name,attribute_operation,logical_operation) VALUES('SVC-DATASET-PROVIDER-91', 1,'/dataservice/dataset/{datasetId}/rating/{ratingId}','000','','000',NULL);
INSERT INTO apigw.routing_rule_detail(routing_rule_id,routing_rule_detail_sequence,attribute_value,type,attribute_name,attribute_operation,logical_operation) VALUES('SVC-DATASET-PROVIDER-92', 1,'/dataservice/dataset/{datasetId}/devices','000','','000',NULL);
INSERT INTO apigw.routing_rule_detail(routing_rule_id,routing_rule_detail_sequence,attribute_value,type,attribute_name,attribute_operation,logical_operation) VALUES('SVC-DATASET-PROVIDER-93', 1,'/dataservice/dataset/{datasetId}/requestUsage/{requestUsageId}/receptions/{recvId}','000','','000',NULL);
INSERT INTO apigw.routing_rule_detail(routing_rule_id,routing_rule_detail_sequence,attribute_value,type,attribute_name,attribute_operation,logical_operation) VALUES('SVC-DATASET-PROVIDER-94', 1,'/dataservice/dataset/{datasetId}/requestUsage/{requestUsageId}/payments/{payId}','000','','000',NULL);
INSERT INTO apigw.routing_rule_detail(routing_rule_id,routing_rule_detail_sequence,attribute_value,type,attribute_name,attribute_operation,logical_operation) VALUES('SVC-DATASET-PROVIDER-95', 1,'/dataservice/dataset/{datasetId}/devices','000','','000',NULL);
INSERT INTO apigw.routing_rule_detail(routing_rule_id,routing_rule_detail_sequence,attribute_value,type,attribute_name,attribute_operation,logical_operation) VALUES('SVC-DATASET-PROVIDER-96', 1,'/dataservice/dataset/{datasetId}/requestUsage/{requestUsageId}/refunds/{refundId}','000','','000',NULL);
INSERT INTO apigw.routing_rule_detail(routing_rule_id,routing_rule_detail_sequence,attribute_value,type,attribute_name,attribute_operation,logical_operation) VALUES('SVC-DATASET-PROVIDER-97', 1,'/dataservice/dataset/{datasetId}/datasetOrigin/{datasetOriginId}','000','','000',NULL);
INSERT INTO apigw.routing_rule_detail(routing_rule_id,routing_rule_detail_sequence,attribute_value,type,attribute_name,attribute_operation,logical_operation) VALUES('SVC-DATASET-PROVIDER-98', 1,'/dataservice/analysisApprovalRequests/{requestId}/dataModel','000','','000',NULL);
INSERT INTO apigw.routing_rule_detail(routing_rule_id,routing_rule_detail_sequence,attribute_value,type,attribute_name,attribute_operation,logical_operation) VALUES('SVC-DATASET-PROVIDER-99', 1,'/subscription/{datasetId} ','000','','000',NULL);
INSERT INTO apigw.routing_rule_detail(routing_rule_id,routing_rule_detail_sequence,attribute_value,type,attribute_name,attribute_operation,logical_operation) VALUES('SVC-DATASET-PROVIDER-100', 1,'/dataservice/analysisApprovalRequests/{requestId}/dataModel/{modelId}','000','','000',NULL);
INSERT INTO apigw.routing_rule_detail(routing_rule_id,routing_rule_detail_sequence,attribute_value,type,attribute_name,attribute_operation,logical_operation) VALUES('SVC-DATASET-PROVIDER-101', 1,'/dataservice/dataset/{datasetId}/requestUsage/{requestUsageId}/refunds/{refundId}','000','','000',NULL);
INSERT INTO apigw.routing_rule_detail(routing_rule_id,routing_rule_detail_sequence,attribute_value,type,attribute_name,attribute_operation,logical_operation) VALUES('SVC-DATASET-PROVIDER-102', 1,'/dataservice/analysisApprovalRequests/{requestId}/dataModel/{modelId}','000','','000',NULL);
INSERT INTO apigw.routing_rule_detail(routing_rule_id,routing_rule_detail_sequence,attribute_value,type,attribute_name,attribute_operation,logical_operation) VALUES('SVC-DATASET-PROVIDER-103', 1,'/notification/{datasetId}','000','','000',NULL);
INSERT INTO apigw.routing_rule_detail(routing_rule_id,routing_rule_detail_sequence,attribute_value,type,attribute_name,attribute_operation,logical_operation) VALUES('SVC-DATASET-PROVIDER-104', 1,'/subscriptionRegister/{datasetId}','000','','000',NULL);
INSERT INTO apigw.routing_rule_detail(routing_rule_id,routing_rule_detail_sequence,attribute_value,type,attribute_name,attribute_operation,logical_operation) VALUES('SVC-DATASET-PROVIDER-105', 1,'/integrated/dataset','000','','000',NULL);
INSERT INTO apigw.routing_rule_detail(routing_rule_id,routing_rule_detail_sequence,attribute_value,type,attribute_name,attribute_operation,logical_operation) VALUES('SVC-DATASET-PROVIDER-106', 1,'/integrated/dataset/{datasetId}','000','','000',NULL);
INSERT INTO apigw.routing_rule_detail(routing_rule_id,routing_rule_detail_sequence,attribute_value,type,attribute_name,attribute_operation,logical_operation) VALUES('SVC-DATASET-PROVIDER-107', 1,'/integrated/dataset','000','','000',NULL);
INSERT INTO apigw.routing_rule_detail(routing_rule_id,routing_rule_detail_sequence,attribute_value,type,attribute_name,attribute_operation,logical_operation) VALUES('SVC-DATASET-PROVIDER-108', 1,'/integrated/dataset/{datasetId}','000','','000',NULL);
INSERT INTO apigw.routing_rule_detail(routing_rule_id,routing_rule_detail_sequence,attribute_value,type,attribute_name,attribute_operation,logical_operation) VALUES('SVC-DATASET-PROVIDER-109', 1,'/integrated/datasetWishlist','000','','000',NULL);
INSERT INTO apigw.routing_rule_detail(routing_rule_id,routing_rule_detail_sequence,attribute_value,type,attribute_name,attribute_operation,logical_operation) VALUES('SVC-DATASET-PROVIDER-110', 1,'/integrated/datasetApplications','000','','000',NULL);
INSERT INTO apigw.routing_rule_detail(routing_rule_id,routing_rule_detail_sequence,attribute_value,type,attribute_name,attribute_operation,logical_operation) VALUES('SVC-DATASET-PROVIDER-111', 1,'/integrated/datasetUsageRefundsProvider','000','','000',NULL);
INSERT INTO apigw.routing_rule_detail(routing_rule_id,routing_rule_detail_sequence,attribute_value,type,attribute_name,attribute_operation,logical_operation) VALUES('SVC-DATASET-PROVIDER-112', 1,'/integrated/dataset/count','000','','000',NULL);
INSERT INTO apigw.routing_rule_detail(routing_rule_id,routing_rule_detail_sequence,attribute_value,type,attribute_name,attribute_operation,logical_operation) VALUES('SVC-DATASET-PROVIDER-113', 1,'/integrated/datasetByCategory/count','000','','000',NULL);
INSERT INTO apigw.routing_rule_detail(routing_rule_id,routing_rule_detail_sequence,attribute_value,type,attribute_name,attribute_operation,logical_operation) VALUES('SVC-DATASET-PROVIDER-114', 1,'/integrated/datasetUsageRefundsUser','000','','000',NULL);
INSERT INTO apigw.routing_rule_detail(routing_rule_id,routing_rule_detail_sequence,attribute_value,type,attribute_name,attribute_operation,logical_operation) VALUES('SVC-DATASET-PROVIDER-115', 1,'/dataservice/pricePolicies/{policyId}','000','','000',NULL);
INSERT INTO apigw.routing_rule_detail(routing_rule_id,routing_rule_detail_sequence,attribute_value,type,attribute_name,attribute_operation,logical_operation) VALUES('SVC-DATASET-PROVIDER-116', 1,'/dataservice/pricePolicies/{policyId}','000','','000',NULL);
INSERT INTO apigw.routing_rule_detail(routing_rule_id,routing_rule_detail_sequence,attribute_value,type,attribute_name,attribute_operation,logical_operation) VALUES('SVC-DATASET-PROVIDER-117', 1,'/dataservice/pricePolicies/{policyId}/period','000','','000',NULL);
INSERT INTO apigw.routing_rule_detail(routing_rule_id,routing_rule_detail_sequence,attribute_value,type,attribute_name,attribute_operation,logical_operation) VALUES('SVC-DATASET-PROVIDER-118', 1,'/dataservice/pricePolicies','000','','000',NULL);
INSERT INTO apigw.routing_rule_detail(routing_rule_id,routing_rule_detail_sequence,attribute_value,type,attribute_name,attribute_operation,logical_operation) VALUES('SVC-DATASET-PROVIDER-119', 1,'/dataservice/pricePolicies/{policyId}','000','','000',NULL);
INSERT INTO apigw.routing_rule_detail(routing_rule_id,routing_rule_detail_sequence,attribute_value,type,attribute_name,attribute_operation,logical_operation) VALUES('SVC-DATASET-PROVIDER-120', 1,'/dataservice/pricePolicies','000','','000',NULL);
INSERT INTO apigw.routing_rule_detail(routing_rule_id,routing_rule_detail_sequence,attribute_value,type,attribute_name,attribute_operation,logical_operation) VALUES('SVC-DATASET-PROVIDER-121', 1,'/dataservice/pricePolicies/{policyId}/period','000','','000',NULL);
INSERT INTO apigw.routing_rule_detail(routing_rule_id,routing_rule_detail_sequence,attribute_value,type,attribute_name,attribute_operation,logical_operation) VALUES('SVC-DATASET-PROVIDER-122', 1,'/dataservice/pricePolicies/{policyId}/period/{periodId}','000','','000',NULL);
