-- Service 등록
INSERT INTO apigw.service(service_id,name,description,communication_method,address,use_yn,creation_time,modification_time,creator_id,modifier_id) VALUES('DH-DATACORE-DATASERVICEBROKER', 'DH-DATACORE-DATASERVICEBROKER','DH-DATACORE-DATASERVICEBROKER','000','DH-DATACORE-DATA-SERVICE-BROKER','Y',now(),NULL,'KETI',NULL);
INSERT INTO apigw.service(service_id,name,description,communication_method,address,use_yn,creation_time,modification_time,creator_id,modifier_id) VALUES('DH-DATACORE-DATAMANAGER', 'DH-DATACORE-DATAMANAGER','DH-DATACORE-DATAMANAGER','000','DH-DATACORE-DATA-MANAGER','Y',now(),NULL,'KETI',NULL);

-- Routing Rule 등록 (API-GW -> Data core 모듈)
INSERT INTO apigw.routing_rule(routing_rule_id,name,description,target_service_id,authorization_yn,authorization_role_ids,new_path,method,rule_order,use_yn,creation_time,modification_time,creator_id,modifier_id) VALUES('CORE-01', '','','DH-DATACORE-DATASERVICEBROKER','Y','{Core_Admin,System_Admin}','/datacore/entities','POST','1','Y',now(),NULL,'KETI',NULL);
INSERT INTO apigw.routing_rule(routing_rule_id,name,description,target_service_id,authorization_yn,authorization_role_ids,new_path,method,rule_order,use_yn,creation_time,modification_time,creator_id,modifier_id) VALUES('CORE-02', '','','DH-DATACORE-DATASERVICEBROKER','N','{Core_Admin,System_Admin}','/datacore/entities','GET','1','Y',now(),NULL,'KETI',NULL);
INSERT INTO apigw.routing_rule(routing_rule_id,name,description,target_service_id,authorization_yn,authorization_role_ids,new_path,method,rule_order,use_yn,creation_time,modification_time,creator_id,modifier_id) VALUES('CORE-03', '','','DH-DATACORE-DATASERVICEBROKER','N','{Core_Admin,System_Admin}','/datacore/entities/{entityId}','GET','1','Y',now(),NULL,'KETI',NULL);
INSERT INTO apigw.routing_rule(routing_rule_id,name,description,target_service_id,authorization_yn,authorization_role_ids,new_path,method,rule_order,use_yn,creation_time,modification_time,creator_id,modifier_id) VALUES('CORE-04', '','','DH-DATACORE-DATASERVICEBROKER','Y','{Core_Admin,System_Admin}','/datacore/entities/{entityId}','DELETE','1','Y',now(),NULL,'KETI',NULL);
INSERT INTO apigw.routing_rule(routing_rule_id,name,description,target_service_id,authorization_yn,authorization_role_ids,new_path,method,rule_order,use_yn,creation_time,modification_time,creator_id,modifier_id) VALUES('CORE-05', '','','DH-DATACORE-DATASERVICEBROKER','Y','{Core_Admin,System_Admin}','/datacore/entities/{entityId}/attrs','POST','1','Y',now(),NULL,'KETI',NULL);
INSERT INTO apigw.routing_rule(routing_rule_id,name,description,target_service_id,authorization_yn,authorization_role_ids,new_path,method,rule_order,use_yn,creation_time,modification_time,creator_id,modifier_id) VALUES('CORE-06', '','','DH-DATACORE-DATASERVICEBROKER','Y','{Core_Admin,System_Admin}','/datacore/entities/{entityId}/attrs','PATCH','1','Y',now(),NULL,'KETI',NULL);
INSERT INTO apigw.routing_rule(routing_rule_id,name,description,target_service_id,authorization_yn,authorization_role_ids,new_path,method,rule_order,use_yn,creation_time,modification_time,creator_id,modifier_id) VALUES('CORE-07', '','','DH-DATACORE-DATASERVICEBROKER','Y','{Core_Admin,System_Admin}','/datacore/entities/{entityId}/attrs/{attrId}','PATCH','1','Y',now(),NULL,'KETI',NULL);
INSERT INTO apigw.routing_rule(routing_rule_id,name,description,target_service_id,authorization_yn,authorization_role_ids,new_path,method,rule_order,use_yn,creation_time,modification_time,creator_id,modifier_id) VALUES('CORE-08', '','','DH-DATACORE-DATASERVICEBROKER','Y','{Core_Admin,System_Admin}','/datacore/entities/{entityId}/attrs/{attrId}','DELETE','1','Y',now(),NULL,'KETI',NULL);
INSERT INTO apigw.routing_rule(routing_rule_id,name,description,target_service_id,authorization_yn,authorization_role_ids,new_path,method,rule_order,use_yn,creation_time,modification_time,creator_id,modifier_id) VALUES('CORE-09', '','','DH-DATACORE-DATASERVICEBROKER','N','{Core_Admin,System_Admin}','/datacore/temporal/entities/','GET','1','Y',now(),NULL,'KETI',NULL);
INSERT INTO apigw.routing_rule(routing_rule_id,name,description,target_service_id,authorization_yn,authorization_role_ids,new_path,method,rule_order,use_yn,creation_time,modification_time,creator_id,modifier_id) VALUES('CORE-10', '','','DH-DATACORE-DATASERVICEBROKER','N','{Core_Admin,System_Admin}','/datacore/temporal/entities/{entityId}','GET','1','Y',now(),NULL,'KETI',NULL);
INSERT INTO apigw.routing_rule(routing_rule_id,name,description,target_service_id,authorization_yn,authorization_role_ids,new_path,method,rule_order,use_yn,creation_time,modification_time,creator_id,modifier_id) VALUES('CORE-11', '','','DH-DATACORE-DATASERVICEBROKER','Y','{Core_Admin,System_Admin}','/datacore/subscriptions','POST','1','Y',now(),NULL,'KETI',NULL);
INSERT INTO apigw.routing_rule(routing_rule_id,name,description,target_service_id,authorization_yn,authorization_role_ids,new_path,method,rule_order,use_yn,creation_time,modification_time,creator_id,modifier_id) VALUES('CORE-12', '','','DH-DATACORE-DATASERVICEBROKER','N','{Core_Admin,System_Admin}','/datacore/subscriptions','GET','1','Y',now(),NULL,'KETI',NULL);
INSERT INTO apigw.routing_rule(routing_rule_id,name,description,target_service_id,authorization_yn,authorization_role_ids,new_path,method,rule_order,use_yn,creation_time,modification_time,creator_id,modifier_id) VALUES('CORE-13', '','','DH-DATACORE-DATASERVICEBROKER','N','{Core_Admin,System_Admin}','/datacore/subscriptions/{subscriptionId}','GET','1','Y',now(),NULL,'KETI',NULL);
INSERT INTO apigw.routing_rule(routing_rule_id,name,description,target_service_id,authorization_yn,authorization_role_ids,new_path,method,rule_order,use_yn,creation_time,modification_time,creator_id,modifier_id) VALUES('CORE-14', '','','DH-DATACORE-DATASERVICEBROKER','Y','{Core_Admin,System_Admin}','/datacore/subscriptions/{subscriptionId}','PATCH','1','Y',now(),NULL,'KETI',NULL);
INSERT INTO apigw.routing_rule(routing_rule_id,name,description,target_service_id,authorization_yn,authorization_role_ids,new_path,method,rule_order,use_yn,creation_time,modification_time,creator_id,modifier_id) VALUES('CORE-15', '','','DH-DATACORE-DATASERVICEBROKER','Y','{Core_Admin,System_Admin}','/datacore/subscriptions/{subscriptionId}','DELETE','1','Y',now(),NULL,'KETI',NULL);

-- API Endpoint 등록 (외부->API-GW)
INSERT INTO apigw.routing_rule_detail(routing_rule_id,routing_rule_detail_sequence,attribute_value,type,attribute_name,attribute_operation,logical_operation) VALUES('CORE-01', 1,'/datacore/entities','000','','000',NULL);
INSERT INTO apigw.routing_rule_detail(routing_rule_id,routing_rule_detail_sequence,attribute_value,type,attribute_name,attribute_operation,logical_operation) VALUES('CORE-02', 1,'/datacore/entities','000','','000',NULL);
INSERT INTO apigw.routing_rule_detail(routing_rule_id,routing_rule_detail_sequence,attribute_value,type,attribute_name,attribute_operation,logical_operation) VALUES('CORE-03', 1,'/datacore/entities/{entityId}','000','','000',NULL);
INSERT INTO apigw.routing_rule_detail(routing_rule_id,routing_rule_detail_sequence,attribute_value,type,attribute_name,attribute_operation,logical_operation) VALUES('CORE-04', 1,'/datacore/entities/{entityId}','000','','000',NULL);
INSERT INTO apigw.routing_rule_detail(routing_rule_id,routing_rule_detail_sequence,attribute_value,type,attribute_name,attribute_operation,logical_operation) VALUES('CORE-05', 1,'/datacore/entities/{entityId}/attrs','000','','000',NULL);
INSERT INTO apigw.routing_rule_detail(routing_rule_id,routing_rule_detail_sequence,attribute_value,type,attribute_name,attribute_operation,logical_operation) VALUES('CORE-06', 1,'/datacore/entities/{entityId}/attrs','000','','000',NULL);
INSERT INTO apigw.routing_rule_detail(routing_rule_id,routing_rule_detail_sequence,attribute_value,type,attribute_name,attribute_operation,logical_operation) VALUES('CORE-07', 1,'/datacore/entities/{entityId}/attrs/{attrId}','000','','000',NULL);
INSERT INTO apigw.routing_rule_detail(routing_rule_id,routing_rule_detail_sequence,attribute_value,type,attribute_name,attribute_operation,logical_operation) VALUES('CORE-08', 1,'/datacore/entities/{entityId}/attrs/{attrId}','000','','000',NULL);
INSERT INTO apigw.routing_rule_detail(routing_rule_id,routing_rule_detail_sequence,attribute_value,type,attribute_name,attribute_operation,logical_operation) VALUES('CORE-09', 1,'/datacore/temporal/entities/','000','','000',NULL);
INSERT INTO apigw.routing_rule_detail(routing_rule_id,routing_rule_detail_sequence,attribute_value,type,attribute_name,attribute_operation,logical_operation) VALUES('CORE-10', 1,'/datacore/temporal/entities/{entityId}','000','','000',NULL);
INSERT INTO apigw.routing_rule_detail(routing_rule_id,routing_rule_detail_sequence,attribute_value,type,attribute_name,attribute_operation,logical_operation) VALUES('CORE-11', 1,'/datacore/subscriptions','000','','000',NULL);
INSERT INTO apigw.routing_rule_detail(routing_rule_id,routing_rule_detail_sequence,attribute_value,type,attribute_name,attribute_operation,logical_operation) VALUES('CORE-12', 1,'/datacore/subscriptions','000','','000',NULL);
INSERT INTO apigw.routing_rule_detail(routing_rule_id,routing_rule_detail_sequence,attribute_value,type,attribute_name,attribute_operation,logical_operation) VALUES('CORE-13', 1,'/datacore/subscriptions/{subscriptionId}','000','','000',NULL);
INSERT INTO apigw.routing_rule_detail(routing_rule_id,routing_rule_detail_sequence,attribute_value,type,attribute_name,attribute_operation,logical_operation) VALUES('CORE-14', 1,'/datacore/subscriptions/{subscriptionId}','000','','000',NULL);
INSERT INTO apigw.routing_rule_detail(routing_rule_id,routing_rule_detail_sequence,attribute_value,type,attribute_name,attribute_operation,logical_operation) VALUES('CORE-15', 1,'/datacore/subscriptions/{subscriptionId}','000','','000',NULL);
